CompanyId,VATPeriod,PredictedOutputVAT
2,2024 Q2,64622.0
2,2024 Q3,64344.0
2,2024 Q4,84419.0
2,2025 Q1,90676.0
2,2025 Q2,63722.0
3,2024 Q2,96754.0
3,2024 Q3,76988.0
3,2024 Q4,110290.0
3,2025 Q1,97202.0
3,2025 Q2,67403.0
4,2024 Q2,51538.0
4,2024 Q3,49669.0
4,2024 Q4,60617.0
4,2025 Q1,61406.0
4,2025 Q2,52751.0
5,2024 Q2,60061.0
5,2024 Q3,57684.0
5,2024 Q4,73881.0
5,2025 Q1,77590.0
5,2025 Q2,66653.0
6,2024 Q2,65126.0
6,2024 Q3,66543.0
6,2024 Q4,81929.0
6,2025 Q1,69719.0
6,2025 Q2,62464.0
7,2024 Q2,63728.0
7,2024 Q3,59423.0
7,2024 Q4,80935.0
7,2025 Q1,81568.0
7,2025 Q2,70788.0
8,2024 Q2,74025.0
8,2024 Q3,93829.0
8,2024 Q4,102249.0
8,2025 Q1,83600.0
8,2025 Q2,80395.0
9,2024 Q2,55369.0
9,2024 Q3,33345.0
9,2024 Q4,46832.0
9,2025 Q1,65424.0
9,2025 Q2,57733.0
10,2024 Q2,104785.0
10,2024 Q3,68972.0
10,2024 Q4,79391.0
10,2025 Q1,82866.0
10,2025 Q2,72971.0
11,2024 Q2,244261.0
11,2024 Q3,239283.0
11,2024 Q4,262467.0
11,2025 Q1,261811.0
11,2025 Q2,263468.0
12,2024 Q2,56878.0
12,2024 Q3,53690.0
12,2024 Q4,65183.0
12,2025 Q1,64936.0
12,2025 Q2,55132.0
13,2024 Q2,103704.0
13,2024 Q3,88619.0
13,2024 Q4,113293.0
13,2025 Q1,111966.0
13,2025 Q2,102599.0
14,2024 Q2,49715.0
14,2024 Q3,44324.0
14,2024 Q4,52413.0
14,2025 Q1,46522.0
14,2025 Q2,42374.0
15,2024 Q2,144617.0
15,2024 Q3,125217.0
15,2024 Q4,156477.0
15,2025 Q1,161448.0
15,2025 Q2,134913.0
16,2024 Q2,55872.0
16,2024 Q3,60476.0
16,2024 Q4,84047.0
16,2025 Q1,89218.0
16,2025 Q2,58033.0
17,2024 Q2,65650.0
17,2024 Q3,59648.0
17,2024 Q4,71239.0
17,2025 Q1,69009.0
17,2025 Q2,57553.0
18,2024 Q2,131827.0
18,2024 Q3,121266.0
18,2024 Q4,153064.0
18,2025 Q1,152014.0
18,2025 Q2,131621.0
19,2024 Q2,115540.0
19,2024 Q3,94432.0
19,2024 Q4,112713.0
19,2025 Q1,105082.0
19,2025 Q2,87828.0
20,2024 Q2,56630.0
20,2024 Q3,51575.0
20,2024 Q4,60856.0
20,2025 Q1,62266.0
20,2025 Q2,51708.0
21,2024 Q2,114465.0
21,2024 Q3,103903.0
21,2024 Q4,125822.0
21,2025 Q1,128726.0
21,2025 Q2,109146.0
22,2024 Q2,68756.0
22,2024 Q3,63038.0
22,2024 Q4,79862.0
22,2025 Q1,81746.0
22,2025 Q2,61759.0
23,2024 Q2,96489.0
23,2024 Q3,87060.0
23,2024 Q4,58263.0
23,2025 Q1,61260.0
23,2025 Q2,55267.0
24,2024 Q2,105465.0
24,2024 Q3,102014.0
24,2024 Q4,116933.0
24,2025 Q1,127175.0
24,2025 Q2,108843.0
25,2024 Q2,94021.0
25,2024 Q3,74000.0
25,2024 Q4,91951.0
25,2025 Q1,87842.0
25,2025 Q2,69138.0
26,2024 Q2,65862.0
26,2024 Q3,63633.0
26,2024 Q4,77201.0
26,2025 Q1,84110.0
26,2025 Q2,72829.0
27,2024 Q2,61371.0
27,2024 Q3,58613.0
27,2024 Q4,78990.0
27,2025 Q1,82770.0
27,2025 Q2,68367.0
28,2024 Q2,143605.0
28,2024 Q3,133472.0
28,2024 Q4,183713.0
28,2025 Q1,195403.0
28,2025 Q2,198166.0
29,2024 Q2,34023.0
29,2024 Q3,36420.0
29,2024 Q4,43646.0
29,2025 Q1,77247.0
29,2025 Q2,48966.0
30,2024 Q2,122868.0
30,2024 Q3,121567.0
30,2024 Q4,129493.0
30,2025 Q1,140091.0
30,2025 Q2,119327.0
31,2024 Q2,54556.0
31,2024 Q3,52237.0
31,2024 Q4,63373.0
31,2025 Q1,61154.0
31,2025 Q2,55719.0
32,2024 Q2,48902.0
32,2024 Q3,39630.0
32,2024 Q4,76878.0
32,2025 Q1,60514.0
32,2025 Q2,45303.0
33,2024 Q2,47515.0
33,2024 Q3,43052.0
33,2024 Q4,52449.0
33,2025 Q1,49132.0
33,2025 Q2,43969.0
34,2024 Q2,57121.0
34,2024 Q3,49686.0
34,2024 Q4,58583.0
34,2025 Q1,56884.0
34,2025 Q2,46210.0
35,2024 Q2,70054.0
35,2024 Q3,65687.0
35,2024 Q4,86192.0
35,2025 Q1,85073.0
35,2025 Q2,71760.0
36,2024 Q2,60694.0
36,2024 Q3,58292.0
36,2024 Q4,68521.0
36,2025 Q1,68653.0
36,2025 Q2,56893.0
37,2024 Q2,62907.0
37,2024 Q3,45004.0
37,2024 Q4,55940.0
37,2025 Q1,50314.0
37,2025 Q2,34620.0
38,2024 Q2,119712.0
38,2024 Q3,110031.0
38,2024 Q4,127748.0
38,2025 Q1,122958.0
38,2025 Q2,101359.0
39,2024 Q2,120562.0
39,2024 Q3,110222.0
39,2024 Q4,125061.0
39,2025 Q1,135425.0
39,2025 Q2,112990.0
40,2024 Q2,46986.0
40,2024 Q3,39323.0
40,2024 Q4,43275.0
40,2025 Q1,40026.0
40,2025 Q2,34007.0
41,2024 Q2,67777.0
41,2024 Q3,58746.0
41,2024 Q4,48456.0
41,2025 Q1,45947.0
41,2025 Q2,48011.0
42,2024 Q2,121415.0
42,2024 Q3,108094.0
42,2024 Q4,132045.0
42,2025 Q1,139160.0
42,2025 Q2,108163.0
43,2024 Q2,51121.0
43,2024 Q3,42785.0
43,2024 Q4,37020.0
43,2025 Q1,53851.0
43,2025 Q2,33843.0
44,2024 Q2,65519.0
44,2024 Q3,43505.0
44,2024 Q4,57155.0
44,2025 Q1,63881.0
44,2025 Q2,41298.0
45,2024 Q2,125828.0
45,2024 Q3,116824.0
45,2024 Q4,132986.0
45,2025 Q1,139544.0
45,2025 Q2,110224.0
46,2024 Q2,59730.0
46,2024 Q3,64245.0
46,2024 Q4,92760.0
46,2025 Q1,89502.0
46,2025 Q2,62357.0
47,2024 Q2,101250.0
47,2024 Q3,93226.0
47,2024 Q4,114205.0
47,2025 Q1,106853.0
47,2025 Q2,97433.0
48,2024 Q2,43458.0
48,2024 Q3,56251.0
48,2024 Q4,44823.0
48,2025 Q1,46106.0
48,2025 Q2,44416.0
49,2024 Q2,69539.0
49,2024 Q3,63324.0
49,2024 Q4,79557.0
49,2025 Q1,77332.0
49,2025 Q2,61903.0
50,2024 Q2,58900.0
50,2024 Q3,49988.0
50,2024 Q4,51926.0
50,2025 Q1,49226.0
50,2025 Q2,52498.0
51,2024 Q2,59992.0
51,2024 Q3,33796.0
51,2024 Q4,37152.0
51,2025 Q1,35491.0
51,2025 Q2,35326.0
52,2024 Q2,140393.0
52,2024 Q3,142281.0
52,2024 Q4,143542.0
52,2025 Q1,136682.0
52,2025 Q2,136808.0
53,2024 Q2,152630.0
53,2024 Q3,121636.0
53,2024 Q4,156561.0
53,2025 Q1,162143.0
53,2025 Q2,162293.0
54,2024 Q2,60051.0
54,2024 Q3,55165.0
54,2024 Q4,69291.0
54,2025 Q1,70900.0
54,2025 Q2,62207.0
55,2024 Q2,44460.0
55,2024 Q3,39507.0
55,2024 Q4,49232.0
55,2025 Q1,49343.0
55,2025 Q2,41597.0
56,2024 Q2,134404.0
56,2024 Q3,121290.0
56,2024 Q4,141502.0
56,2025 Q1,146139.0
56,2025 Q2,122991.0
57,2024 Q2,47135.0
57,2024 Q3,40956.0
57,2024 Q4,49807.0
57,2025 Q1,52673.0
57,2025 Q2,41816.0
58,2024 Q2,61978.0
58,2024 Q3,59262.0
58,2024 Q4,72989.0
58,2025 Q1,70588.0
58,2025 Q2,60388.0
59,2024 Q2,49856.0
59,2024 Q3,47963.0
59,2024 Q4,60626.0
59,2025 Q1,62781.0
59,2025 Q2,55946.0
60,2024 Q2,95831.0
60,2024 Q3,93860.0
60,2024 Q4,112384.0
60,2025 Q1,112573.0
60,2025 Q2,99844.0
61,2024 Q2,58933.0
61,2024 Q3,61735.0
61,2024 Q4,81289.0
61,2025 Q1,85068.0
61,2025 Q2,76908.0
62,2024 Q2,213048.0
62,2024 Q3,197804.0
62,2024 Q4,273479.0
62,2025 Q1,243102.0
62,2025 Q2,251868.0
63,2024 Q2,48434.0
63,2024 Q3,44674.0
63,2024 Q4,55790.0
63,2025 Q1,57063.0
63,2025 Q2,49338.0
64,2024 Q2,64954.0
64,2024 Q3,66536.0
64,2024 Q4,81902.0
64,2025 Q1,69300.0
64,2025 Q2,61629.0
65,2024 Q2,50515.0
65,2024 Q3,44198.0
65,2024 Q4,54757.0
65,2025 Q1,51640.0
65,2025 Q2,44365.0
66,2024 Q2,60946.0
66,2024 Q3,56540.0
66,2024 Q4,67568.0
66,2025 Q1,67559.0
66,2025 Q2,58679.0
67,2024 Q2,85453.0
67,2024 Q3,82609.0
67,2024 Q4,101898.0
67,2025 Q1,96373.0
67,2025 Q2,46559.0
68,2024 Q2,91772.0
68,2024 Q3,73404.0
68,2024 Q4,80392.0
68,2025 Q1,59365.0
68,2025 Q2,51462.0
69,2024 Q2,59478.0
69,2024 Q3,51708.0
69,2024 Q4,62701.0
69,2025 Q1,62565.0
69,2025 Q2,50081.0
70,2024 Q2,98454.0
70,2024 Q3,80797.0
70,2024 Q4,92324.0
70,2025 Q1,87269.0
70,2025 Q2,67414.0
71,2024 Q2,136999.0
71,2024 Q3,124599.0
71,2024 Q4,145822.0
71,2025 Q1,160490.0
71,2025 Q2,148809.0
72,2024 Q2,59326.0
72,2024 Q3,58653.0
72,2024 Q4,73166.0
72,2025 Q1,75519.0
72,2025 Q2,62557.0
73,2024 Q2,47984.0
73,2024 Q3,56769.0
73,2024 Q4,80050.0
73,2025 Q1,73603.0
73,2025 Q2,47818.0
74,2024 Q2,231244.0
74,2024 Q3,197673.0
74,2024 Q4,241007.0
74,2025 Q1,245025.0
74,2025 Q2,227938.0
75,2024 Q2,138974.0
75,2024 Q3,106010.0
75,2024 Q4,145689.0
75,2025 Q1,145604.0
75,2025 Q2,115412.0
76,2024 Q2,59969.0
76,2024 Q3,54648.0
76,2024 Q4,67493.0
76,2025 Q1,69078.0
76,2025 Q2,60747.0
77,2024 Q2,61305.0
77,2024 Q3,55645.0
77,2024 Q4,63107.0
77,2025 Q1,61424.0
77,2025 Q2,49162.0
78,2024 Q2,65562.0
78,2024 Q3,59483.0
78,2024 Q4,78780.0
78,2025 Q1,79061.0
78,2025 Q2,66086.0
79,2024 Q2,53838.0
79,2024 Q3,73321.0
79,2024 Q4,70928.0
79,2025 Q1,59342.0
79,2025 Q2,60661.0
80,2024 Q2,102290.0
80,2024 Q3,89439.0
80,2024 Q4,113625.0
80,2025 Q1,115300.0
80,2025 Q2,102383.0
81,2024 Q2,55576.0
81,2024 Q3,50533.0
81,2024 Q4,57658.0
81,2025 Q1,51229.0
81,2025 Q2,47442.0
82,2024 Q2,69441.0
82,2024 Q3,45817.0
82,2024 Q4,43094.0
82,2025 Q1,61118.0
82,2025 Q2,58931.0
83,2024 Q2,59909.0
83,2024 Q3,60440.0
83,2024 Q4,79736.0
83,2025 Q1,82435.0
83,2025 Q2,77480.0
84,2024 Q2,66658.0
84,2024 Q3,64536.0
84,2024 Q4,79944.0
84,2025 Q1,83748.0
84,2025 Q2,69526.0
85,2024 Q2,196142.0
85,2024 Q3,153033.0
85,2024 Q4,243141.0
85,2025 Q1,245381.0
85,2025 Q2,176004.0
86,2024 Q2,98087.0
86,2024 Q3,57443.0
86,2024 Q4,136577.0
86,2025 Q1,86942.0
86,2025 Q2,67197.0
87,2024 Q2,51139.0
87,2024 Q3,31113.0
87,2024 Q4,80765.0
87,2025 Q1,43253.0
87,2025 Q2,47750.0
88,2024 Q2,67164.0
88,2024 Q3,63236.0
88,2024 Q4,87583.0
88,2025 Q1,87831.0
88,2025 Q2,77629.0
89,2024 Q2,41099.0
89,2024 Q3,60657.0
89,2024 Q4,82735.0
89,2025 Q1,52988.0
89,2025 Q2,38453.0
90,2024 Q2,40584.0
90,2024 Q3,61946.0
90,2024 Q4,41020.0
90,2025 Q1,56952.0
90,2025 Q2,57124.0
91,2024 Q2,252075.0
91,2024 Q3,213950.0
91,2024 Q4,245793.0
91,2025 Q1,240984.0
91,2025 Q2,207051.0
92,2024 Q2,48028.0
92,2024 Q3,43357.0
92,2024 Q4,57379.0
92,2025 Q1,58738.0
92,2025 Q2,51712.0
93,2024 Q2,223093.0
93,2024 Q3,183731.0
93,2024 Q4,228826.0
93,2025 Q1,230632.0
93,2025 Q2,215401.0
94,2024 Q2,62006.0
94,2024 Q3,44263.0
94,2024 Q4,86362.0
94,2025 Q1,61702.0
94,2025 Q2,74138.0
95,2024 Q2,249812.0
95,2024 Q3,224579.0
95,2024 Q4,247389.0
95,2025 Q1,229267.0
95,2025 Q2,235804.0
96,2024 Q2,58993.0
96,2024 Q3,62496.0
96,2024 Q4,105355.0
96,2025 Q1,104024.0
96,2025 Q2,59459.0
97,2024 Q2,110443.0
97,2024 Q3,98972.0
97,2024 Q4,145153.0
97,2025 Q1,148972.0
97,2025 Q2,106038.0
98,2024 Q2,134690.0
98,2024 Q3,161073.0
98,2024 Q4,162515.0
98,2025 Q1,160770.0
98,2025 Q2,132935.0
99,2024 Q2,60024.0
99,2024 Q3,77994.0
99,2024 Q4,101349.0
99,2025 Q1,66423.0
99,2025 Q2,56984.0
100,2024 Q2,99200.0
100,2024 Q3,91304.0
100,2024 Q4,111351.0
100,2025 Q1,112615.0
100,2025 Q2,99429.0
101,2024 Q2,169069.0
101,2024 Q3,115065.0
101,2024 Q4,146779.0
101,2025 Q1,164386.0
101,2025 Q2,139718.0
102,2024 Q2,103427.0
102,2024 Q3,114263.0
102,2024 Q4,138222.0
102,2025 Q1,109770.0
102,2025 Q2,83032.0
103,2024 Q2,208665.0
103,2024 Q3,176159.0
103,2024 Q4,261478.0
103,2025 Q1,253600.0
103,2025 Q2,229780.0
104,2024 Q2,63232.0
104,2024 Q3,57515.0
104,2024 Q4,77036.0
104,2025 Q1,75207.0
104,2025 Q2,63669.0
105,2024 Q2,59655.0
105,2024 Q3,58380.0
105,2024 Q4,82896.0
105,2025 Q1,83868.0
105,2025 Q2,69793.0
106,2024 Q2,134230.0
106,2024 Q3,118012.0
106,2024 Q4,139799.0
106,2025 Q1,145141.0
106,2025 Q2,121677.0
107,2024 Q2,55432.0
107,2024 Q3,48505.0
107,2024 Q4,55286.0
107,2025 Q1,50447.0
107,2025 Q2,44642.0
108,2024 Q2,63791.0
108,2024 Q3,54990.0
108,2024 Q4,65749.0
108,2025 Q1,64616.0
108,2025 Q2,54590.0
109,2024 Q2,69841.0
109,2024 Q3,62496.0
109,2024 Q4,77736.0
109,2025 Q1,75162.0
109,2025 Q2,61024.0
110,2024 Q2,60958.0
110,2024 Q3,63789.0
110,2024 Q4,45229.0
110,2025 Q1,66008.0
110,2025 Q2,52917.0
111,2024 Q2,65695.0
111,2024 Q3,60408.0
111,2024 Q4,79324.0
111,2025 Q1,74482.0
111,2025 Q2,60602.0
112,2024 Q2,60379.0
112,2024 Q3,39250.0
112,2024 Q4,44259.0
112,2025 Q1,50156.0
112,2025 Q2,37276.0
113,2024 Q2,111411.0
113,2024 Q3,93672.0
113,2024 Q4,112887.0
113,2025 Q1,112008.0
113,2025 Q2,91576.0
114,2024 Q2,50595.0
114,2024 Q3,49500.0
114,2024 Q4,63403.0
114,2025 Q1,66576.0
114,2025 Q2,58487.0
115,2024 Q2,46515.0
115,2024 Q3,39741.0
115,2024 Q4,53486.0
115,2025 Q1,39077.0
115,2025 Q2,33418.0
116,2024 Q2,43783.0
116,2024 Q3,59626.0
116,2024 Q4,72768.0
116,2025 Q1,53459.0
116,2025 Q2,39450.0
117,2024 Q2,65974.0
117,2024 Q3,61156.0
117,2024 Q4,75872.0
117,2025 Q1,69840.0
117,2025 Q2,62053.0
118,2024 Q2,71536.0
118,2024 Q3,71169.0
118,2024 Q4,89425.0
118,2025 Q1,91611.0
118,2025 Q2,83835.0
119,2024 Q2,52184.0
119,2024 Q3,47292.0
119,2024 Q4,59436.0
119,2025 Q1,60787.0
119,2025 Q2,53284.0
120,2024 Q2,108771.0
120,2024 Q3,85507.0
120,2024 Q4,92964.0
120,2025 Q1,89625.0
120,2025 Q2,79680.0
121,2024 Q2,48149.0
121,2024 Q3,54551.0
121,2024 Q4,54788.0
121,2025 Q1,45541.0
121,2025 Q2,50595.0
122,2024 Q2,53538.0
122,2024 Q3,53552.0
122,2024 Q4,68522.0
122,2025 Q1,70542.0
122,2025 Q2,63379.0
123,2024 Q2,64139.0
123,2024 Q3,55401.0
123,2024 Q4,63662.0
123,2025 Q1,58986.0
123,2025 Q2,46969.0
124,2024 Q2,58775.0
124,2024 Q3,58890.0
124,2024 Q4,77801.0
124,2025 Q1,78017.0
124,2025 Q2,70417.0
125,2024 Q2,67782.0
125,2024 Q3,63054.0
125,2024 Q4,85589.0
125,2025 Q1,86363.0
125,2025 Q2,74234.0
126,2024 Q2,34524.0
126,2024 Q3,39218.0
126,2024 Q4,39136.0
126,2025 Q1,38479.0
126,2025 Q2,72894.0
127,2024 Q2,35800.0
127,2024 Q3,34629.0
127,2024 Q4,35155.0
127,2025 Q1,65673.0
127,2025 Q2,87614.0
128,2024 Q2,61614.0
128,2024 Q3,52431.0
128,2024 Q4,58875.0
128,2025 Q1,60790.0
128,2025 Q2,61428.0
129,2024 Q2,51742.0
129,2024 Q3,42135.0
129,2024 Q4,64300.0
129,2025 Q1,133244.0
129,2025 Q2,66096.0
130,2024 Q2,136219.0
130,2024 Q3,143177.0
130,2024 Q4,161037.0
130,2025 Q1,160815.0
130,2025 Q2,158560.0
131,2024 Q2,56497.0
131,2024 Q3,66037.0
131,2024 Q4,82865.0
131,2025 Q1,62903.0
131,2025 Q2,48915.0
132,2024 Q2,52388.0
132,2024 Q3,47339.0
132,2024 Q4,61456.0
132,2025 Q1,62629.0
132,2025 Q2,53691.0
133,2024 Q2,34358.0
133,2024 Q3,58412.0
133,2024 Q4,88030.0
133,2025 Q1,49210.0
133,2025 Q2,62969.0
134,2024 Q2,49884.0
134,2024 Q3,45340.0
134,2024 Q4,58967.0
134,2025 Q1,60085.0
134,2025 Q2,51278.0
135,2024 Q2,46071.0
135,2024 Q3,66648.0
135,2024 Q4,55586.0
135,2025 Q1,53592.0
135,2025 Q2,60895.0
136,2024 Q2,113836.0
136,2024 Q3,90720.0
136,2024 Q4,108366.0
136,2025 Q1,108533.0
136,2025 Q2,91959.0
137,2024 Q2,102364.0
137,2024 Q3,93638.0
137,2024 Q4,113784.0
137,2025 Q1,114942.0
137,2025 Q2,98996.0
138,2024 Q2,101982.0
138,2024 Q3,92199.0
138,2024 Q4,135312.0
138,2025 Q1,141690.0
138,2025 Q2,114309.0
139,2024 Q2,56056.0
139,2024 Q3,53057.0
139,2024 Q4,65074.0
139,2025 Q1,67926.0
139,2025 Q2,58632.0
140,2024 Q2,59887.0
140,2024 Q3,58332.0
140,2024 Q4,79925.0
140,2025 Q1,83834.0
140,2025 Q2,78480.0
141,2024 Q2,57258.0
141,2024 Q3,51982.0
141,2024 Q4,83245.0
141,2025 Q1,58444.0
141,2025 Q2,81728.0
142,2024 Q2,65202.0
142,2024 Q3,40430.0
142,2024 Q4,47239.0
142,2025 Q1,67294.0
142,2025 Q2,66080.0
143,2024 Q2,61546.0
143,2024 Q3,58636.0
143,2024 Q4,75469.0
143,2025 Q1,78837.0
143,2025 Q2,66837.0
144,2024 Q2,53048.0
144,2024 Q3,51293.0
144,2024 Q4,65486.0
144,2025 Q1,67117.0
144,2025 Q2,59528.0
145,2024 Q2,66737.0
145,2024 Q3,57806.0
145,2024 Q4,77421.0
145,2025 Q1,70161.0
145,2025 Q2,57661.0
146,2024 Q2,55988.0
146,2024 Q3,47423.0
146,2024 Q4,62923.0
146,2025 Q1,63322.0
146,2025 Q2,56144.0
147,2024 Q2,113427.0
147,2024 Q3,111698.0
147,2024 Q4,143102.0
147,2025 Q1,146296.0
147,2025 Q2,133326.0
148,2024 Q2,51737.0
148,2024 Q3,52167.0
148,2024 Q4,117915.0
148,2025 Q1,93100.0
148,2025 Q2,58695.0
149,2024 Q2,62469.0
149,2024 Q3,62320.0
149,2024 Q4,83353.0
149,2025 Q1,85410.0
149,2025 Q2,83212.0
150,2024 Q2,54311.0
150,2024 Q3,48564.0
150,2024 Q4,55239.0
150,2025 Q1,51519.0
150,2025 Q2,45631.0
151,2024 Q2,52706.0
151,2024 Q3,97123.0
151,2024 Q4,100920.0
151,2025 Q1,67121.0
151,2025 Q2,49657.0
152,2024 Q2,61769.0
152,2024 Q3,67221.0
152,2024 Q4,65636.0
152,2025 Q1,59556.0
152,2025 Q2,42971.0
153,2024 Q2,137859.0
153,2024 Q3,137057.0
153,2024 Q4,143536.0
153,2025 Q1,165192.0
153,2025 Q2,159878.0
154,2024 Q2,121342.0
154,2024 Q3,108637.0
154,2024 Q4,123737.0
154,2025 Q1,120370.0
154,2025 Q2,112759.0
155,2024 Q2,143331.0
155,2024 Q3,123420.0
155,2024 Q4,134287.0
155,2025 Q1,111852.0
155,2025 Q2,107075.0
156,2024 Q2,222781.0
156,2024 Q3,174320.0
156,2024 Q4,206912.0
156,2025 Q1,222558.0
156,2025 Q2,203720.0
157,2024 Q2,61668.0
157,2024 Q3,60062.0
157,2024 Q4,70124.0
157,2025 Q1,71438.0
157,2025 Q2,59990.0
158,2024 Q2,57620.0
158,2024 Q3,54376.0
158,2024 Q4,70852.0
158,2025 Q1,69907.0
158,2025 Q2,64944.0
159,2024 Q2,89450.0
159,2024 Q3,95091.0
159,2024 Q4,112451.0
159,2025 Q1,123587.0
159,2025 Q2,136326.0
160,2024 Q2,57843.0
160,2024 Q3,51122.0
160,2024 Q4,90380.0
160,2025 Q1,83968.0
160,2025 Q2,54493.0
161,2024 Q2,58613.0
161,2024 Q3,41238.0
161,2024 Q4,54687.0
161,2025 Q1,80553.0
161,2025 Q2,67703.0
162,2024 Q2,49601.0
162,2024 Q3,49363.0
162,2024 Q4,63072.0
162,2025 Q1,66424.0
162,2025 Q2,57582.0
163,2024 Q2,54739.0
163,2024 Q3,51738.0
163,2024 Q4,61475.0
163,2025 Q1,65562.0
163,2025 Q2,57019.0
164,2024 Q2,43945.0
164,2024 Q3,43640.0
164,2024 Q4,72453.0
164,2025 Q1,67634.0
164,2025 Q2,42436.0
165,2024 Q2,63524.0
165,2024 Q3,58237.0
165,2024 Q4,73695.0
165,2025 Q1,71630.0
165,2025 Q2,61234.0
166,2024 Q2,53494.0
166,2024 Q3,48228.0
166,2024 Q4,62508.0
166,2025 Q1,63020.0
166,2025 Q2,57214.0
167,2024 Q2,109048.0
167,2024 Q3,95230.0
167,2024 Q4,118400.0
167,2025 Q1,111905.0
167,2025 Q2,97055.0
168,2024 Q2,48299.0
168,2024 Q3,47361.0
168,2024 Q4,62459.0
168,2025 Q1,62299.0
168,2025 Q2,55324.0
169,2024 Q2,50927.0
169,2024 Q3,44749.0
169,2024 Q4,57056.0
169,2025 Q1,58824.0
169,2025 Q2,49040.0
170,2024 Q2,96347.0
170,2024 Q3,91184.0
170,2024 Q4,115398.0
170,2025 Q1,115908.0
170,2025 Q2,104973.0
171,2024 Q2,118498.0
171,2024 Q3,110626.0
171,2024 Q4,163119.0
171,2025 Q1,161825.0
171,2025 Q2,125153.0
172,2024 Q2,53223.0
172,2024 Q3,47517.0
172,2024 Q4,60101.0
172,2025 Q1,62077.0
172,2025 Q2,57577.0
173,2024 Q2,63767.0
173,2024 Q3,49746.0
173,2024 Q4,45266.0
173,2025 Q1,59231.0
173,2025 Q2,79187.0
174,2024 Q2,51236.0
174,2024 Q3,52490.0
174,2024 Q4,38499.0
174,2025 Q1,58903.0
174,2025 Q2,96365.0
175,2024 Q2,50689.0
175,2024 Q3,48429.0
175,2024 Q4,45692.0
175,2025 Q1,80440.0
175,2025 Q2,101508.0
176,2024 Q2,62151.0
176,2024 Q3,42783.0
176,2024 Q4,58448.0
176,2025 Q1,108403.0
176,2025 Q2,82928.0
177,2024 Q2,147835.0
177,2024 Q3,129606.0
177,2024 Q4,147316.0
177,2025 Q1,155159.0
177,2025 Q2,129994.0
178,2024 Q2,47030.0
178,2024 Q3,42008.0
178,2024 Q4,81372.0
178,2025 Q1,102617.0
178,2025 Q2,40554.0
179,2024 Q2,48877.0
179,2024 Q3,44705.0
179,2024 Q4,117887.0
179,2025 Q1,110128.0
179,2025 Q2,51849.0
180,2024 Q2,41555.0
180,2024 Q3,52860.0
180,2024 Q4,115039.0
180,2025 Q1,58448.0
180,2025 Q2,61488.0
181,2024 Q2,51189.0
181,2024 Q3,49564.0
181,2024 Q4,67769.0
181,2025 Q1,69888.0
181,2025 Q2,63058.0
182,2024 Q2,52479.0
182,2024 Q3,48545.0
182,2024 Q4,70463.0
182,2025 Q1,82202.0
182,2025 Q2,62562.0
183,2024 Q2,67287.0
183,2024 Q3,43096.0
183,2024 Q4,51463.0
183,2025 Q1,72024.0
183,2025 Q2,63320.0
184,2024 Q2,50467.0
184,2024 Q3,44663.0
184,2024 Q4,58484.0
184,2025 Q1,61790.0
184,2025 Q2,51324.0
185,2024 Q2,54399.0
185,2024 Q3,51522.0
185,2024 Q4,68297.0
185,2025 Q1,69950.0
185,2025 Q2,61132.0
186,2024 Q2,129485.0
186,2024 Q3,112193.0
186,2024 Q4,136187.0
186,2025 Q1,137027.0
186,2025 Q2,113663.0
187,2024 Q2,78019.0
187,2024 Q3,92542.0
187,2024 Q4,110892.0
187,2025 Q1,84317.0
187,2025 Q2,65708.0
188,2024 Q2,63131.0
188,2024 Q3,46872.0
188,2024 Q4,122647.0
188,2025 Q1,111956.0
188,2025 Q2,52637.0
189,2024 Q2,65611.0
189,2024 Q3,58220.0
189,2024 Q4,70547.0
189,2025 Q1,67529.0
189,2025 Q2,61243.0
190,2024 Q2,62246.0
190,2024 Q3,58077.0
190,2024 Q4,66987.0
190,2025 Q1,63925.0
190,2025 Q2,53516.0
191,2024 Q2,49505.0
191,2024 Q3,73186.0
191,2024 Q4,78222.0
191,2025 Q1,49426.0
191,2025 Q2,46562.0
192,2024 Q2,110599.0
192,2024 Q3,101206.0
192,2024 Q4,126847.0
192,2025 Q1,141188.0
192,2025 Q2,124487.0
193,2024 Q2,106687.0
193,2024 Q3,122582.0
193,2024 Q4,151566.0
193,2025 Q1,136626.0
193,2025 Q2,102454.0
194,2024 Q2,58859.0
194,2024 Q3,50755.0
194,2024 Q4,64256.0
194,2025 Q1,64131.0
194,2025 Q2,56581.0
195,2024 Q2,128862.0
195,2024 Q3,139324.0
195,2024 Q4,152847.0
195,2025 Q1,145830.0
195,2025 Q2,152187.0
196,2024 Q2,93757.0
196,2024 Q3,64259.0
196,2024 Q4,63252.0
196,2025 Q1,62397.0
196,2025 Q2,50953.0
197,2024 Q2,147234.0
197,2024 Q3,133055.0
197,2024 Q4,163772.0
197,2025 Q1,161663.0
197,2025 Q2,156521.0
198,2024 Q2,52126.0
198,2024 Q3,54764.0
198,2024 Q4,58286.0
198,2025 Q1,52353.0
198,2025 Q2,49430.0
199,2024 Q2,63768.0
199,2024 Q3,42713.0
199,2024 Q4,52980.0
199,2025 Q1,42673.0
199,2025 Q2,69258.0
200,2024 Q2,41329.0
200,2024 Q3,41883.0
200,2024 Q4,40590.0
200,2025 Q1,57507.0
200,2025 Q2,55128.0
201,2024 Q2,101180.0
201,2024 Q3,93221.0
201,2024 Q4,117925.0
201,2025 Q1,113881.0
201,2025 Q2,97270.0
202,2024 Q2,133394.0
202,2024 Q3,105609.0
202,2024 Q4,155808.0
202,2025 Q1,148598.0
202,2025 Q2,114677.0
203,2024 Q2,415726.0
203,2024 Q3,439547.0
203,2024 Q4,423004.0
203,2025 Q1,418159.0
203,2025 Q2,445604.0
204,2024 Q2,106371.0
204,2024 Q3,90308.0
204,2024 Q4,100659.0
204,2025 Q1,104621.0
204,2025 Q2,107649.0
205,2024 Q2,92590.0
205,2024 Q3,85777.0
205,2024 Q4,86308.0
205,2025 Q1,80229.0
205,2025 Q2,76899.0
206,2024 Q2,104157.0
206,2024 Q3,97229.0
206,2024 Q4,117383.0
206,2025 Q1,124395.0
206,2025 Q2,128243.0
207,2024 Q2,115341.0
207,2024 Q3,99253.0
207,2024 Q4,113822.0
207,2025 Q1,110704.0
207,2025 Q2,109671.0
208,2024 Q2,103432.0
208,2024 Q3,94946.0
208,2024 Q4,110106.0
208,2025 Q1,107929.0
208,2025 Q2,104952.0
209,2024 Q2,469142.0
209,2024 Q3,527887.0
209,2024 Q4,454989.0
209,2025 Q1,342481.0
209,2025 Q2,514653.0
210,2024 Q2,90460.0
210,2024 Q3,85354.0
210,2024 Q4,99953.0
210,2025 Q1,107114.0
210,2025 Q2,107323.0
211,2024 Q2,113176.0
211,2024 Q3,73123.0
211,2024 Q4,59949.0
211,2025 Q1,87660.0
211,2025 Q2,82517.0
212,2024 Q2,256815.0
212,2024 Q3,169669.0
212,2024 Q4,142315.0
212,2025 Q1,283573.0
212,2025 Q2,180005.0
213,2024 Q2,175917.0
213,2024 Q3,132461.0
213,2024 Q4,126231.0
213,2025 Q1,180784.0
213,2025 Q2,153590.0
214,2024 Q2,123676.0
214,2024 Q3,107276.0
214,2024 Q4,115609.0
214,2025 Q1,112886.0
214,2025 Q2,109602.0
215,2024 Q2,191919.0
215,2024 Q3,178457.0
215,2024 Q4,170072.0
215,2025 Q1,164360.0
215,2025 Q2,161116.0
216,2024 Q2,86594.0
216,2024 Q3,71921.0
216,2024 Q4,127471.0
216,2025 Q1,91036.0
216,2025 Q2,137699.0
217,2024 Q2,109038.0
217,2024 Q3,90343.0
217,2024 Q4,104815.0
217,2025 Q1,105534.0
217,2025 Q2,108723.0
218,2024 Q2,257107.0
218,2024 Q3,229483.0
218,2024 Q4,259968.0
218,2025 Q1,286504.0
218,2025 Q2,291026.0
219,2024 Q2,95679.0
219,2024 Q3,84276.0
219,2024 Q4,95710.0
219,2025 Q1,94174.0
219,2025 Q2,92872.0
220,2024 Q2,114733.0
220,2024 Q3,106701.0
220,2024 Q4,119381.0
220,2025 Q1,115505.0
220,2025 Q2,116848.0
221,2024 Q2,145254.0
221,2024 Q3,60779.0
221,2024 Q4,117937.0
221,2025 Q1,121044.0
221,2025 Q2,113936.0
222,2024 Q2,207746.0
222,2024 Q3,196419.0
222,2024 Q4,210886.0
222,2025 Q1,214120.0
222,2025 Q2,213655.0
223,2024 Q2,96420.0
223,2024 Q3,111128.0
223,2024 Q4,155619.0
223,2025 Q1,124282.0
223,2025 Q2,152782.0
224,2024 Q2,68914.0
224,2024 Q3,124301.0
224,2024 Q4,155264.0
224,2025 Q1,138144.0
224,2025 Q2,160912.0
225,2024 Q2,108133.0
225,2024 Q3,95433.0
225,2024 Q4,103890.0
225,2025 Q1,100453.0
225,2025 Q2,102647.0
226,2024 Q2,132231.0
226,2024 Q3,139197.0
226,2024 Q4,121614.0
226,2025 Q1,143741.0
226,2025 Q2,96874.0
227,2024 Q2,159298.0
227,2024 Q3,148360.0
227,2024 Q4,151620.0
227,2025 Q1,172042.0
227,2025 Q2,99573.0
228,2024 Q2,101002.0
228,2024 Q3,92026.0
228,2024 Q4,113410.0
228,2025 Q1,116716.0
228,2025 Q2,113075.0
229,2024 Q2,126757.0
229,2024 Q3,118239.0
229,2024 Q4,123118.0
229,2025 Q1,130138.0
229,2025 Q2,124789.0
230,2024 Q2,115110.0
230,2024 Q3,109861.0
230,2024 Q4,127677.0
230,2025 Q1,135581.0
230,2025 Q2,144777.0
231,2024 Q2,112744.0
231,2024 Q3,102083.0
231,2024 Q4,116081.0
231,2025 Q1,116056.0
231,2025 Q2,118789.0
232,2024 Q2,88478.0
232,2024 Q3,81969.0
232,2024 Q4,93245.0
232,2025 Q1,88895.0
232,2025 Q2,84269.0
233,2024 Q2,155488.0
233,2024 Q3,158180.0
233,2024 Q4,120251.0
233,2025 Q1,128781.0
233,2025 Q2,135921.0
234,2024 Q2,103841.0
234,2024 Q3,90236.0
234,2024 Q4,101329.0
234,2025 Q1,103401.0
234,2025 Q2,102868.0
235,2024 Q2,478082.0
235,2024 Q3,380797.0
235,2024 Q4,466252.0
235,2025 Q1,489367.0
235,2025 Q2,500304.0
236,2024 Q2,133009.0
236,2024 Q3,118006.0
236,2024 Q4,117449.0
236,2025 Q1,125953.0
236,2025 Q2,130979.0
237,2024 Q2,256733.0
237,2024 Q3,233175.0
237,2024 Q4,278605.0
237,2025 Q1,292160.0
237,2025 Q2,313887.0
238,2024 Q2,89458.0
238,2024 Q3,84992.0
238,2024 Q4,98067.0
238,2025 Q1,101501.0
238,2025 Q2,104541.0
239,2024 Q2,270326.0
239,2024 Q3,231817.0
239,2024 Q4,270888.0
239,2025 Q1,285864.0
239,2025 Q2,289127.0
240,2024 Q2,94726.0
240,2024 Q3,85050.0
240,2024 Q4,106972.0
240,2025 Q1,109225.0
240,2025 Q2,109301.0
241,2024 Q2,104709.0
241,2024 Q3,98729.0
241,2024 Q4,112821.0
241,2025 Q1,113427.0
241,2025 Q2,115308.0
242,2024 Q2,110629.0
242,2024 Q3,106732.0
242,2024 Q4,128213.0
242,2025 Q1,128213.0
242,2025 Q2,132757.0
243,2024 Q2,116420.0
243,2024 Q3,108451.0
243,2024 Q4,122297.0
243,2025 Q1,132940.0
243,2025 Q2,150469.0
244,2024 Q2,125538.0
244,2024 Q3,114154.0
244,2024 Q4,126069.0
244,2025 Q1,130350.0
244,2025 Q2,139915.0
245,2024 Q2,101881.0
245,2024 Q3,92285.0
245,2024 Q4,101957.0
245,2025 Q1,106733.0
245,2025 Q2,109794.0
246,2024 Q2,168565.0
246,2024 Q3,133746.0
246,2024 Q4,139284.0
246,2025 Q1,138489.0
246,2025 Q2,135755.0
247,2024 Q2,191018.0
247,2024 Q3,171088.0
247,2024 Q4,203671.0
247,2025 Q1,212397.0
247,2025 Q2,217223.0
248,2024 Q2,118826.0
248,2024 Q3,109721.0
248,2024 Q4,122503.0
248,2025 Q1,128444.0
248,2025 Q2,136232.0
249,2024 Q2,103513.0
249,2024 Q3,101006.0
249,2024 Q4,113409.0
249,2025 Q1,118141.0
249,2025 Q2,120477.0
250,2024 Q2,86560.0
250,2024 Q3,132723.0
250,2024 Q4,127641.0
250,2025 Q1,99684.0
250,2025 Q2,158918.0
251,2024 Q2,91219.0
251,2024 Q3,82451.0
251,2024 Q4,88375.0
251,2025 Q1,84407.0
251,2025 Q2,87773.0
252,2024 Q2,122767.0
252,2024 Q3,110621.0
252,2024 Q4,124430.0
252,2025 Q1,127674.0
252,2025 Q2,121108.0
253,2024 Q2,97064.0
253,2024 Q3,93841.0
253,2024 Q4,121587.0
253,2025 Q1,109063.0
253,2025 Q2,95470.0
254,2024 Q2,93941.0
254,2024 Q3,89105.0
254,2024 Q4,98450.0
254,2025 Q1,100550.0
254,2025 Q2,99714.0
255,2024 Q2,96919.0
255,2024 Q3,90551.0
255,2024 Q4,107710.0
255,2025 Q1,111164.0
255,2025 Q2,116527.0
256,2024 Q2,174172.0
256,2024 Q3,148096.0
256,2024 Q4,156822.0
256,2025 Q1,155149.0
256,2025 Q2,149029.0
257,2024 Q2,355784.0
257,2024 Q3,282061.0
257,2024 Q4,340255.0
257,2025 Q1,356906.0
257,2025 Q2,352318.0
258,2024 Q2,130793.0
258,2024 Q3,114242.0
258,2024 Q4,126147.0
258,2025 Q1,127876.0
258,2025 Q2,140140.0
259,2024 Q2,119182.0
259,2024 Q3,78872.0
259,2024 Q4,107053.0
259,2025 Q1,128639.0
259,2025 Q2,107016.0
260,2024 Q2,117862.0
260,2024 Q3,106785.0
260,2024 Q4,119807.0
260,2025 Q1,116664.0
260,2025 Q2,114090.0
261,2024 Q2,123587.0
261,2024 Q3,112166.0
261,2024 Q4,121731.0
261,2025 Q1,120381.0
261,2025 Q2,123317.0
262,2024 Q2,201497.0
262,2024 Q3,189063.0
262,2024 Q4,206134.0
262,2025 Q1,204792.0
262,2025 Q2,204181.0
263,2024 Q2,91080.0
263,2024 Q3,87278.0
263,2024 Q4,97543.0
263,2025 Q1,107189.0
263,2025 Q2,111560.0
264,2024 Q2,221237.0
264,2024 Q3,194279.0
264,2024 Q4,212725.0
264,2025 Q1,202021.0
264,2025 Q2,200605.0
265,2024 Q2,202176.0
265,2024 Q3,170759.0
265,2024 Q4,162543.0
265,2025 Q1,183416.0
265,2025 Q2,195468.0
266,2024 Q2,91731.0
266,2024 Q3,78710.0
266,2024 Q4,88140.0
266,2025 Q1,92179.0
266,2025 Q2,90756.0
267,2024 Q2,89574.0
267,2024 Q3,82166.0
267,2024 Q4,96950.0
267,2025 Q1,97709.0
267,2025 Q2,98099.0
268,2024 Q2,123958.0
268,2024 Q3,120110.0
268,2024 Q4,137824.0
268,2025 Q1,142779.0
268,2025 Q2,152684.0
269,2024 Q2,95023.0
269,2024 Q3,85741.0
269,2024 Q4,100897.0
269,2025 Q1,109387.0
269,2025 Q2,107539.0
270,2024 Q2,100921.0
270,2024 Q3,80893.0
270,2024 Q4,65277.0
270,2025 Q1,73871.0
270,2025 Q2,87260.0
271,2024 Q2,100572.0
271,2024 Q3,93695.0
271,2024 Q4,104984.0
271,2025 Q1,106018.0
271,2025 Q2,110939.0
272,2024 Q2,131491.0
272,2024 Q3,117839.0
272,2024 Q4,113301.0
272,2025 Q1,64416.0
272,2025 Q2,106918.0
273,2024 Q2,88912.0
273,2024 Q3,79863.0
273,2024 Q4,99870.0
273,2025 Q1,104089.0
273,2025 Q2,105569.0
274,2024 Q2,117665.0
274,2024 Q3,100337.0
274,2024 Q4,109416.0
274,2025 Q1,102249.0
274,2025 Q2,103090.0
275,2024 Q2,119091.0
275,2024 Q3,112767.0
275,2024 Q4,126251.0
275,2025 Q1,133589.0
275,2025 Q2,143981.0
276,2024 Q2,114150.0
276,2024 Q3,104092.0
276,2024 Q4,114119.0
276,2025 Q1,115552.0
276,2025 Q2,115167.0
277,2024 Q2,179813.0
277,2024 Q3,156927.0
277,2024 Q4,170810.0
277,2025 Q1,169133.0
277,2025 Q2,162033.0
278,2024 Q2,118593.0
278,2024 Q3,61420.0
278,2024 Q4,101555.0
278,2025 Q1,127938.0
278,2025 Q2,83805.0
279,2024 Q2,87430.0
279,2024 Q3,103878.0
279,2024 Q4,133674.0
279,2025 Q1,115887.0
279,2025 Q2,84509.0
280,2024 Q2,232415.0
280,2024 Q3,213780.0
280,2024 Q4,245201.0
280,2025 Q1,275776.0
280,2025 Q2,287393.0
281,2024 Q2,204615.0
281,2024 Q3,204106.0
281,2024 Q4,214900.0
281,2025 Q1,217335.0
281,2025 Q2,220290.0
282,2024 Q2,235216.0
282,2024 Q3,221914.0
282,2024 Q4,260465.0
282,2025 Q1,265522.0
282,2025 Q2,274484.0
283,2024 Q2,75292.0
283,2024 Q3,92282.0
283,2024 Q4,117343.0
283,2025 Q1,98114.0
283,2025 Q2,70740.0
284,2024 Q2,89682.0
284,2024 Q3,78498.0
284,2024 Q4,91129.0
284,2025 Q1,91299.0
284,2025 Q2,84367.0
285,2024 Q2,134142.0
285,2024 Q3,139969.0
285,2024 Q4,92110.0
285,2025 Q1,75785.0
285,2025 Q2,115379.0
286,2024 Q2,106271.0
286,2024 Q3,88972.0
286,2024 Q4,102783.0
286,2025 Q1,95136.0
286,2025 Q2,90070.0
287,2024 Q2,153738.0
287,2024 Q3,78255.0
287,2024 Q4,74949.0
287,2025 Q1,116048.0
287,2025 Q2,76941.0
288,2024 Q2,156763.0
288,2024 Q3,106855.0
288,2024 Q4,103443.0
288,2025 Q1,130424.0
288,2025 Q2,116001.0
289,2024 Q2,145254.0
289,2024 Q3,131916.0
289,2024 Q4,133178.0
289,2025 Q1,141802.0
289,2025 Q2,144553.0
290,2024 Q2,89056.0
290,2024 Q3,82662.0
290,2024 Q4,106084.0
290,2025 Q1,108094.0
290,2025 Q2,114876.0
291,2024 Q2,101853.0
291,2024 Q3,78297.0
291,2024 Q4,116463.0
291,2025 Q1,104486.0
291,2025 Q2,114849.0
292,2024 Q2,88335.0
292,2024 Q3,82676.0
292,2024 Q4,108443.0
292,2025 Q1,115252.0
292,2025 Q2,134023.0
293,2024 Q2,103057.0
293,2024 Q3,92854.0
293,2024 Q4,103960.0
293,2025 Q1,109315.0
293,2025 Q2,108996.0
294,2024 Q2,78004.0
294,2024 Q3,114845.0
294,2024 Q4,103222.0
294,2025 Q1,131311.0
294,2025 Q2,102051.0
295,2024 Q2,139471.0
295,2024 Q3,113680.0
295,2024 Q4,88841.0
295,2025 Q1,113493.0
295,2025 Q2,134728.0
296,2024 Q2,253830.0
296,2024 Q3,243706.0
296,2024 Q4,285264.0
296,2025 Q1,299106.0
296,2025 Q2,320153.0
297,2024 Q2,182064.0
297,2024 Q3,155789.0
297,2024 Q4,175334.0
297,2025 Q1,172093.0
297,2025 Q2,168844.0
298,2024 Q2,104362.0
298,2024 Q3,94557.0
298,2024 Q4,119342.0
298,2025 Q1,119012.0
298,2025 Q2,99285.0
299,2024 Q2,198768.0
299,2024 Q3,180076.0
299,2024 Q4,187997.0
299,2025 Q1,178409.0
299,2025 Q2,159369.0
300,2024 Q2,125396.0
300,2024 Q3,132164.0
300,2024 Q4,107374.0
300,2025 Q1,131227.0
300,2025 Q2,85871.0
301,2024 Q2,90828.0
301,2024 Q3,84868.0
301,2024 Q4,99600.0
301,2025 Q1,108363.0
301,2025 Q2,108714.0
302,2024 Q2,128019.0
302,2024 Q3,112008.0
302,2024 Q4,128120.0
302,2025 Q1,82905.0
302,2025 Q2,99355.0
303,2024 Q2,406215.0
303,2024 Q3,383633.0
303,2024 Q4,445636.0
303,2025 Q1,441303.0
303,2025 Q2,426007.0
304,2024 Q2,93281.0
304,2024 Q3,87024.0
304,2024 Q4,114203.0
304,2025 Q1,110015.0
304,2025 Q2,114042.0
305,2024 Q2,84961.0
305,2024 Q3,103626.0
305,2024 Q4,59075.0
305,2025 Q1,66650.0
305,2025 Q2,81414.0
306,2024 Q2,94720.0
306,2024 Q3,83990.0
306,2024 Q4,92947.0
306,2025 Q1,95646.0
306,2025 Q2,98971.0
307,2024 Q2,126247.0
307,2024 Q3,130190.0
307,2024 Q4,136936.0
307,2025 Q1,146167.0
307,2025 Q2,149861.0
308,2024 Q2,139715.0
308,2024 Q3,99109.0
308,2024 Q4,112664.0
308,2025 Q1,130411.0
308,2025 Q2,140242.0
309,2024 Q2,111010.0
309,2024 Q3,90468.0
309,2024 Q4,86406.0
309,2025 Q1,97943.0
309,2025 Q2,102554.0
310,2024 Q2,76059.0
310,2024 Q3,65613.0
310,2024 Q4,95969.0
310,2025 Q1,63064.0
310,2025 Q2,65855.0
311,2024 Q2,118423.0
311,2024 Q3,105601.0
311,2024 Q4,125499.0
311,2025 Q1,124342.0
311,2025 Q2,132378.0
312,2024 Q2,129650.0
312,2024 Q3,109731.0
312,2024 Q4,117856.0
312,2025 Q1,109642.0
312,2025 Q2,106255.0
313,2024 Q2,111825.0
313,2024 Q3,102747.0
313,2024 Q4,74640.0
313,2025 Q1,81918.0
313,2025 Q2,180046.0
314,2024 Q2,118662.0
314,2024 Q3,103448.0
314,2024 Q4,110502.0
314,2025 Q1,106461.0
314,2025 Q2,100715.0
315,2024 Q2,90483.0
315,2024 Q3,80485.0
315,2024 Q4,94624.0
315,2025 Q1,95122.0
315,2025 Q2,92175.0
316,2024 Q2,118509.0
316,2024 Q3,58213.0
316,2024 Q4,63353.0
316,2025 Q1,157744.0
316,2025 Q2,89363.0
317,2024 Q2,118074.0
317,2024 Q3,79145.0
317,2024 Q4,134367.0
317,2025 Q1,184925.0
317,2025 Q2,70726.0
318,2024 Q2,334735.0
318,2024 Q3,312993.0
318,2024 Q4,407540.0
318,2025 Q1,369920.0
318,2025 Q2,294883.0
319,2024 Q2,239808.0
319,2024 Q3,203646.0
319,2024 Q4,206848.0
319,2025 Q1,204743.0
319,2025 Q2,204218.0
320,2024 Q2,103950.0
320,2024 Q3,82102.0
320,2024 Q4,93636.0
320,2025 Q1,88503.0
320,2025 Q2,81311.0
321,2024 Q2,89320.0
321,2024 Q3,82436.0
321,2024 Q4,92278.0
321,2025 Q1,93298.0
321,2025 Q2,86757.0
322,2024 Q2,201782.0
322,2024 Q3,183900.0
322,2024 Q4,194954.0
322,2025 Q1,203471.0
322,2025 Q2,211354.0
323,2024 Q2,116070.0
323,2024 Q3,137718.0
323,2024 Q4,61190.0
323,2025 Q1,109952.0
323,2025 Q2,110254.0
324,2024 Q2,118679.0
324,2024 Q3,102578.0
324,2024 Q4,109454.0
324,2025 Q1,104171.0
324,2025 Q2,102727.0
325,2024 Q2,154277.0
325,2024 Q3,71046.0
325,2024 Q4,94803.0
325,2025 Q1,126546.0
325,2025 Q2,93769.0
326,2024 Q2,73845.0
326,2024 Q3,83089.0
326,2024 Q4,102391.0
326,2025 Q1,82855.0
326,2025 Q2,66210.0
327,2024 Q2,87108.0
327,2024 Q3,76334.0
327,2024 Q4,93260.0
327,2025 Q1,96025.0
327,2025 Q2,100283.0
328,2024 Q2,111368.0
328,2024 Q3,103270.0
328,2024 Q4,121607.0
328,2025 Q1,126711.0
328,2025 Q2,133224.0
329,2024 Q2,122285.0
329,2024 Q3,109043.0
329,2024 Q4,124118.0
329,2025 Q1,128313.0
329,2025 Q2,125863.0
330,2024 Q2,95188.0
330,2024 Q3,83327.0
330,2024 Q4,94154.0
330,2025 Q1,100658.0
330,2025 Q2,107778.0
331,2024 Q2,104884.0
331,2024 Q3,94911.0
331,2024 Q4,114785.0
331,2025 Q1,114866.0
331,2025 Q2,113473.0
332,2024 Q2,152099.0
332,2024 Q3,143071.0
332,2024 Q4,153261.0
332,2025 Q1,149168.0
332,2025 Q2,155672.0
333,2024 Q2,105919.0
333,2024 Q3,86758.0
333,2024 Q4,95235.0
333,2025 Q1,95326.0
333,2025 Q2,91070.0
334,2024 Q2,90781.0
334,2024 Q3,76679.0
334,2024 Q4,77559.0
334,2025 Q1,71816.0
334,2025 Q2,72382.0
335,2024 Q2,119440.0
335,2024 Q3,64455.0
335,2024 Q4,70696.0
335,2025 Q1,144588.0
335,2025 Q2,62636.0
336,2024 Q2,108403.0
336,2024 Q3,59413.0
336,2024 Q4,109745.0
336,2025 Q1,114636.0
336,2025 Q2,74296.0
337,2024 Q2,133041.0
337,2024 Q3,120817.0
337,2024 Q4,139534.0
337,2025 Q1,138548.0
337,2025 Q2,149379.0
338,2024 Q2,105700.0
338,2024 Q3,86648.0
338,2024 Q4,95915.0
338,2025 Q1,100070.0
338,2025 Q2,104930.0
339,2024 Q2,110852.0
339,2024 Q3,96288.0
339,2024 Q4,106724.0
339,2025 Q1,109911.0
339,2025 Q2,106377.0
340,2024 Q2,90078.0
340,2024 Q3,86012.0
340,2024 Q4,94803.0
340,2025 Q1,95447.0
340,2025 Q2,99321.0
341,2024 Q2,128085.0
341,2024 Q3,89574.0
341,2024 Q4,86472.0
341,2025 Q1,100812.0
341,2025 Q2,115488.0
342,2024 Q2,84714.0
342,2024 Q3,71498.0
342,2024 Q4,73970.0
342,2025 Q1,68775.0
342,2025 Q2,65739.0
343,2024 Q2,211334.0
343,2024 Q3,142274.0
343,2024 Q4,142861.0
343,2025 Q1,133767.0
343,2025 Q2,124671.0
344,2024 Q2,89906.0
344,2024 Q3,81530.0
344,2024 Q4,102447.0
344,2025 Q1,109622.0
344,2025 Q2,110932.0
345,2024 Q2,88534.0
345,2024 Q3,79226.0
345,2024 Q4,77597.0
345,2025 Q1,72789.0
345,2025 Q2,66186.0
346,2024 Q2,83021.0
346,2024 Q3,83350.0
346,2024 Q4,81516.0
346,2025 Q1,70663.0
346,2025 Q2,93672.0
347,2024 Q2,77063.0
347,2024 Q3,99626.0
347,2024 Q4,77985.0
347,2025 Q1,65644.0
347,2025 Q2,114504.0
348,2024 Q2,119851.0
348,2024 Q3,99201.0
348,2024 Q4,103322.0
348,2025 Q1,97428.0
348,2025 Q2,85980.0
349,2024 Q2,121971.0
349,2024 Q3,109521.0
349,2024 Q4,124703.0
349,2025 Q1,128724.0
349,2025 Q2,118836.0
350,2024 Q2,76310.0
350,2024 Q3,74470.0
350,2024 Q4,119642.0
350,2025 Q1,105162.0
350,2025 Q2,69624.0
351,2024 Q2,167966.0
351,2024 Q3,152715.0
351,2024 Q4,168990.0
351,2025 Q1,174320.0
351,2025 Q2,188002.0
352,2024 Q2,269614.0
352,2024 Q3,262928.0
352,2024 Q4,293901.0
352,2025 Q1,298655.0
352,2025 Q2,326601.0
353,2024 Q2,226802.0
353,2024 Q3,190663.0
353,2024 Q4,201832.0
353,2025 Q1,199426.0
353,2025 Q2,189606.0
354,2024 Q2,182111.0
354,2024 Q3,154774.0
354,2024 Q4,155780.0
354,2025 Q1,152487.0
354,2025 Q2,144977.0
355,2024 Q2,327562.0
355,2024 Q3,304203.0
355,2024 Q4,313869.0
355,2025 Q1,309385.0
355,2025 Q2,315990.0
356,2024 Q2,67457.0
356,2024 Q3,106620.0
356,2024 Q4,106318.0
356,2025 Q1,92998.0
356,2025 Q2,75557.0
357,2024 Q2,107695.0
357,2024 Q3,90583.0
357,2024 Q4,94701.0
357,2025 Q1,93379.0
357,2025 Q2,85473.0
358,2024 Q2,121705.0
358,2024 Q3,107670.0
358,2024 Q4,121112.0
358,2025 Q1,125687.0
358,2025 Q2,118499.0
359,2024 Q2,81793.0
359,2024 Q3,80229.0
359,2024 Q4,86560.0
359,2025 Q1,88531.0
359,2025 Q2,86867.0
360,2024 Q2,122744.0
360,2024 Q3,108322.0
360,2024 Q4,123420.0
360,2025 Q1,123272.0
360,2025 Q2,121993.0
361,2024 Q2,106350.0
361,2024 Q3,100797.0
361,2024 Q4,116619.0
361,2025 Q1,116633.0
361,2025 Q2,122522.0
362,2024 Q2,109167.0
362,2024 Q3,90342.0
362,2024 Q4,85127.0
362,2025 Q1,104721.0
362,2025 Q2,116441.0
363,2024 Q2,433968.0
363,2024 Q3,372089.0
363,2024 Q4,468566.0
363,2025 Q1,469698.0
363,2025 Q2,421012.0
364,2024 Q2,205780.0
364,2024 Q3,175087.0
364,2024 Q4,233126.0
364,2025 Q1,219596.0
364,2025 Q2,189613.0
365,2024 Q2,194261.0
365,2024 Q3,163356.0
365,2024 Q4,219006.0
365,2025 Q1,195325.0
365,2025 Q2,159293.0
366,2024 Q2,216355.0
366,2024 Q3,148816.0
366,2024 Q4,141219.0
366,2025 Q1,170614.0
366,2025 Q2,197157.0
367,2024 Q2,166103.0
367,2024 Q3,144634.0
367,2024 Q4,176896.0
367,2025 Q1,158235.0
367,2025 Q2,125051.0
368,2024 Q2,207685.0
368,2024 Q3,127838.0
368,2024 Q4,167566.0
368,2025 Q1,232636.0
368,2025 Q2,234657.0
369,2024 Q2,161850.0
369,2024 Q3,150763.0
369,2024 Q4,221289.0
369,2025 Q1,219292.0
369,2025 Q2,187559.0
370,2024 Q2,211261.0
370,2024 Q3,191723.0
370,2024 Q4,260228.0
370,2025 Q1,265393.0
370,2025 Q2,245014.0
371,2024 Q2,175342.0
371,2024 Q3,158780.0
371,2024 Q4,180341.0
371,2025 Q1,137828.0
371,2025 Q2,93498.0
372,2024 Q2,185790.0
372,2024 Q3,149074.0
372,2024 Q4,239922.0
372,2025 Q1,267134.0
372,2025 Q2,237404.0
373,2024 Q2,359683.0
373,2024 Q3,315958.0
373,2024 Q4,362070.0
373,2025 Q1,352484.0
373,2025 Q2,305572.0
374,2024 Q2,197718.0
374,2024 Q3,182604.0
374,2024 Q4,241423.0
374,2025 Q1,245609.0
374,2025 Q2,237608.0
375,2024 Q2,155545.0
375,2024 Q3,155832.0
375,2024 Q4,198789.0
375,2025 Q1,203963.0
375,2025 Q2,192269.0
376,2024 Q2,194039.0
376,2024 Q3,157241.0
376,2024 Q4,191908.0
376,2025 Q1,159103.0
376,2025 Q2,151604.0
377,2024 Q2,204122.0
377,2024 Q3,172004.0
377,2024 Q4,224574.0
377,2025 Q1,206833.0
377,2025 Q2,179991.0
378,2024 Q2,148751.0
378,2024 Q3,129552.0
378,2024 Q4,178511.0
378,2025 Q1,175273.0
378,2025 Q2,157586.0
379,2024 Q2,359568.0
379,2024 Q3,352163.0
379,2024 Q4,404147.0
379,2025 Q1,460230.0
379,2025 Q2,374230.0
380,2024 Q2,369450.0
380,2024 Q3,279970.0
380,2024 Q4,353027.0
380,2025 Q1,375886.0
380,2025 Q2,371978.0
381,2024 Q2,569459.0
381,2024 Q3,522442.0
381,2024 Q4,632534.0
381,2025 Q1,557873.0
381,2025 Q2,515099.0
382,2024 Q2,109596.0
382,2024 Q3,93215.0
382,2024 Q4,160582.0
382,2025 Q1,222622.0
382,2025 Q2,189374.0
383,2024 Q2,144341.0
383,2024 Q3,124770.0
383,2024 Q4,155223.0
383,2025 Q1,153973.0
383,2025 Q2,128514.0
384,2024 Q2,160822.0
384,2024 Q3,133522.0
384,2024 Q4,173458.0
384,2025 Q1,162266.0
384,2025 Q2,146376.0
385,2024 Q2,215535.0
385,2024 Q3,196811.0
385,2024 Q4,272972.0
385,2025 Q1,267968.0
385,2025 Q2,246595.0
386,2024 Q2,811012.0
386,2024 Q3,714796.0
386,2024 Q4,888701.0
386,2025 Q1,888718.0
386,2025 Q2,806792.0
387,2024 Q2,164775.0
387,2024 Q3,155611.0
387,2024 Q4,194005.0
387,2025 Q1,190462.0
387,2025 Q2,161657.0
388,2024 Q2,159694.0
388,2024 Q3,196002.0
388,2024 Q4,228840.0
388,2025 Q1,110569.0
388,2025 Q2,91026.0
389,2024 Q2,200811.0
389,2024 Q3,168668.0
389,2024 Q4,216241.0
389,2025 Q1,190825.0
389,2025 Q2,156392.0
390,2024 Q2,212761.0
390,2024 Q3,196614.0
390,2024 Q4,109946.0
390,2025 Q1,138031.0
390,2025 Q2,127569.0
391,2024 Q2,213474.0
391,2024 Q3,129282.0
391,2024 Q4,136507.0
391,2025 Q1,191247.0
391,2025 Q2,188452.0
392,2024 Q2,216840.0
392,2024 Q3,128466.0
392,2024 Q4,174685.0
392,2025 Q1,156244.0
392,2025 Q2,129566.0
393,2024 Q2,312481.0
393,2024 Q3,272794.0
393,2024 Q4,362254.0
393,2025 Q1,342836.0
393,2025 Q2,298499.0
394,2024 Q2,270470.0
394,2024 Q3,241528.0
394,2024 Q4,284116.0
394,2025 Q1,277994.0
394,2025 Q2,224587.0
395,2024 Q2,333878.0
395,2024 Q3,266983.0
395,2024 Q4,307215.0
395,2025 Q1,288233.0
395,2025 Q2,278671.0
396,2024 Q2,376245.0
396,2024 Q3,316546.0
396,2024 Q4,403833.0
396,2025 Q1,356655.0
396,2025 Q2,288734.0
397,2024 Q2,144124.0
397,2024 Q3,118500.0
397,2024 Q4,148924.0
397,2025 Q1,195347.0
397,2025 Q2,222772.0
398,2024 Q2,209643.0
398,2024 Q3,201338.0
398,2024 Q4,285076.0
398,2025 Q1,285889.0
398,2025 Q2,265726.0
399,2024 Q2,311952.0
399,2024 Q3,282336.0
399,2024 Q4,351941.0
399,2025 Q1,344026.0
399,2025 Q2,321805.0
400,2024 Q2,216113.0
400,2024 Q3,201680.0
400,2024 Q4,273823.0
400,2025 Q1,271343.0
400,2025 Q2,263503.0
401,2024 Q2,509724.0
401,2024 Q3,505204.0
401,2024 Q4,800594.0
401,2025 Q1,665938.0
401,2025 Q2,547580.0
402,2024 Q2,303054.0
402,2024 Q3,267753.0
402,2024 Q4,341928.0
402,2025 Q1,312546.0
402,2025 Q2,283977.0
403,2024 Q2,349057.0
403,2024 Q3,324225.0
403,2024 Q4,409456.0
403,2025 Q1,398093.0
403,2025 Q2,345538.0
404,2024 Q2,208538.0
404,2024 Q3,200139.0
404,2024 Q4,244516.0
404,2025 Q1,246484.0
404,2025 Q2,202695.0
405,2024 Q2,754533.0
405,2024 Q3,659879.0
405,2024 Q4,938550.0
405,2025 Q1,719214.0
405,2025 Q2,626476.0
406,2024 Q2,413296.0
406,2024 Q3,410953.0
406,2024 Q4,464740.0
406,2025 Q1,358672.0
406,2025 Q2,314324.0
407,2024 Q2,196921.0
407,2024 Q3,154865.0
407,2024 Q4,151422.0
407,2025 Q1,121222.0
407,2025 Q2,136114.0
408,2024 Q2,319974.0
408,2024 Q3,319771.0
408,2024 Q4,450969.0
408,2025 Q1,435000.0
408,2025 Q2,409776.0
409,2024 Q2,190325.0
409,2024 Q3,131793.0
409,2024 Q4,140926.0
409,2025 Q1,156416.0
409,2025 Q2,165730.0
410,2024 Q2,149440.0
410,2024 Q3,130642.0
410,2024 Q4,181608.0
410,2025 Q1,169512.0
410,2025 Q2,149937.0
411,2024 Q2,163103.0
411,2024 Q3,140519.0
411,2024 Q4,173455.0
411,2025 Q1,159587.0
411,2025 Q2,129051.0
412,2024 Q2,343508.0
412,2024 Q3,317151.0
412,2024 Q4,415317.0
412,2025 Q1,385329.0
412,2025 Q2,329860.0
413,2024 Q2,367507.0
413,2024 Q3,330251.0
413,2024 Q4,472864.0
413,2025 Q1,470726.0
413,2025 Q2,457224.0
414,2024 Q2,264126.0
414,2024 Q3,216191.0
414,2024 Q4,398277.0
414,2025 Q1,314796.0
414,2025 Q2,261890.0
415,2024 Q2,132227.0
415,2024 Q3,137831.0
415,2024 Q4,238478.0
415,2025 Q1,165627.0
415,2025 Q2,147791.0
416,2024 Q2,206844.0
416,2024 Q3,182371.0
416,2024 Q4,237197.0
416,2025 Q1,224986.0
416,2025 Q2,196767.0
417,2024 Q2,314144.0
417,2024 Q3,308092.0
417,2024 Q4,344601.0
417,2025 Q1,300551.0
417,2025 Q2,269847.0
418,2024 Q2,338482.0
418,2024 Q3,323826.0
418,2024 Q4,439663.0
418,2025 Q1,417172.0
418,2025 Q2,364727.0
419,2024 Q2,258087.0
419,2024 Q3,176304.0
419,2024 Q4,139051.0
419,2025 Q1,168590.0
419,2025 Q2,153653.0
420,2024 Q2,145020.0
420,2024 Q3,120284.0
420,2024 Q4,159011.0
420,2025 Q1,147399.0
420,2025 Q2,127088.0
421,2024 Q2,219095.0
421,2024 Q3,197178.0
421,2024 Q4,256112.0
421,2025 Q1,251819.0
421,2025 Q2,233344.0
422,2024 Q2,210828.0
422,2024 Q3,191260.0
422,2024 Q4,243512.0
422,2025 Q1,245227.0
422,2025 Q2,201374.0
423,2024 Q2,350365.0
423,2024 Q3,349811.0
423,2024 Q4,436795.0
423,2025 Q1,397742.0
423,2025 Q2,341187.0
424,2024 Q2,131288.0
424,2024 Q3,128983.0
424,2024 Q4,188924.0
424,2025 Q1,121029.0
424,2025 Q2,126900.0
425,2024 Q2,161592.0
425,2024 Q3,154069.0
425,2024 Q4,220104.0
425,2025 Q1,154334.0
425,2025 Q2,143919.0
426,2024 Q2,831689.0
426,2024 Q3,746192.0
426,2024 Q4,972963.0
426,2025 Q1,960719.0
426,2025 Q2,942070.0
427,2024 Q2,196269.0
427,2024 Q3,149209.0
427,2024 Q4,176119.0
427,2025 Q1,215472.0
427,2025 Q2,199617.0
428,2024 Q2,154716.0
428,2024 Q3,138020.0
428,2024 Q4,198587.0
428,2025 Q1,186839.0
428,2025 Q2,174723.0
429,2024 Q2,138694.0
429,2024 Q3,112985.0
429,2024 Q4,129368.0
429,2025 Q1,155992.0
429,2025 Q2,127419.0
430,2024 Q2,337876.0
430,2024 Q3,220995.0
430,2024 Q4,271519.0
430,2025 Q1,337615.0
430,2025 Q2,269558.0
431,2024 Q2,202731.0
431,2024 Q3,159473.0
431,2024 Q4,215450.0
431,2025 Q1,188230.0
431,2025 Q2,152423.0
432,2024 Q2,300243.0
432,2024 Q3,278035.0
432,2024 Q4,312689.0
432,2025 Q1,350188.0
432,2025 Q2,338241.0
433,2024 Q2,95956.0
433,2024 Q3,90317.0
433,2024 Q4,176546.0
433,2025 Q1,132939.0
433,2025 Q2,115031.0
434,2024 Q2,158891.0
434,2024 Q3,131472.0
434,2024 Q4,195958.0
434,2025 Q1,236005.0
434,2025 Q2,206894.0
435,2024 Q2,262609.0
435,2024 Q3,266261.0
435,2024 Q4,298028.0
435,2025 Q1,308021.0
435,2025 Q2,296858.0
436,2024 Q2,208648.0
436,2024 Q3,187154.0
436,2024 Q4,247889.0
436,2025 Q1,238592.0
436,2025 Q2,199782.0
437,2024 Q2,183909.0
437,2024 Q3,169399.0
437,2024 Q4,222125.0
437,2025 Q1,234243.0
437,2025 Q2,191612.0
438,2024 Q2,216155.0
438,2024 Q3,157428.0
438,2024 Q4,199126.0
438,2025 Q1,237361.0
438,2025 Q2,188391.0
439,2024 Q2,201949.0
439,2024 Q3,137005.0
439,2024 Q4,150810.0
439,2025 Q1,281428.0
439,2025 Q2,218783.0
440,2024 Q2,191961.0
440,2024 Q3,164562.0
440,2024 Q4,228796.0
440,2025 Q1,214749.0
440,2025 Q2,184536.0
441,2024 Q2,160355.0
441,2024 Q3,150757.0
441,2024 Q4,277408.0
441,2025 Q1,378594.0
441,2025 Q2,252507.0
442,2024 Q2,180155.0
442,2024 Q3,126880.0
442,2024 Q4,350699.0
442,2025 Q1,323728.0
442,2025 Q2,195768.0
443,2024 Q2,364840.0
443,2024 Q3,275382.0
443,2024 Q4,339454.0
443,2025 Q1,326308.0
443,2025 Q2,255640.0
444,2024 Q2,247266.0
444,2024 Q3,261406.0
444,2024 Q4,387639.0
444,2025 Q1,317350.0
444,2025 Q2,182196.0
445,2024 Q2,215809.0
445,2024 Q3,314640.0
445,2024 Q4,306204.0
445,2025 Q1,272070.0
445,2025 Q2,223030.0
446,2024 Q2,171053.0
446,2024 Q3,164237.0
446,2024 Q4,222297.0
446,2025 Q1,228457.0
446,2025 Q2,225166.0
447,2024 Q2,168378.0
447,2024 Q3,170826.0
447,2024 Q4,213491.0
447,2025 Q1,222529.0
447,2025 Q2,211518.0
448,2024 Q2,356946.0
448,2024 Q3,326813.0
448,2024 Q4,413168.0
448,2025 Q1,427088.0
448,2025 Q2,444306.0
449,2024 Q2,457462.0
449,2024 Q3,379806.0
449,2024 Q4,278363.0
449,2025 Q1,339777.0
449,2025 Q2,423683.0
450,2024 Q2,530559.0
450,2024 Q3,423944.0
450,2024 Q4,532912.0
450,2025 Q1,536666.0
450,2025 Q2,502922.0
451,2024 Q2,163076.0
451,2024 Q3,144122.0
451,2024 Q4,177508.0
451,2025 Q1,176336.0
451,2025 Q2,156499.0
452,2024 Q2,180018.0
452,2024 Q3,119951.0
452,2024 Q4,203375.0
452,2025 Q1,230252.0
452,2025 Q2,152772.0
453,2024 Q2,338110.0
453,2024 Q3,293953.0
453,2024 Q4,387258.0
453,2025 Q1,363940.0
453,2025 Q2,338221.0
454,2024 Q2,187836.0
454,2024 Q3,165012.0
454,2024 Q4,210832.0
454,2025 Q1,205312.0
454,2025 Q2,182569.0
455,2024 Q2,549241.0
455,2024 Q3,506097.0
455,2024 Q4,663947.0
455,2025 Q1,596704.0
455,2025 Q2,547211.0
456,2024 Q2,149854.0
456,2024 Q3,135635.0
456,2024 Q4,175094.0
456,2025 Q1,195441.0
456,2025 Q2,167320.0
457,2024 Q2,167873.0
457,2024 Q3,157364.0
457,2024 Q4,195917.0
457,2025 Q1,201369.0
457,2025 Q2,172250.0
458,2024 Q2,165485.0
458,2024 Q3,157497.0
458,2024 Q4,139608.0
458,2025 Q1,149491.0
458,2025 Q2,135090.0
459,2024 Q2,178525.0
459,2024 Q3,139935.0
459,2024 Q4,168746.0
459,2025 Q1,156542.0
459,2025 Q2,131613.0
460,2024 Q2,178357.0
460,2024 Q3,159591.0
460,2024 Q4,161792.0
460,2025 Q1,163820.0
460,2025 Q2,147124.0
461,2024 Q2,168550.0
461,2024 Q3,152427.0
461,2024 Q4,189378.0
461,2025 Q1,192208.0
461,2025 Q2,157735.0
462,2024 Q2,129842.0
462,2024 Q3,120191.0
462,2024 Q4,160441.0
462,2025 Q1,159524.0
462,2025 Q2,143901.0
463,2024 Q2,291826.0
463,2024 Q3,285260.0
463,2024 Q4,348526.0
463,2025 Q1,361832.0
463,2025 Q2,341501.0
464,2024 Q2,175321.0
464,2024 Q3,153104.0
464,2024 Q4,193668.0
464,2025 Q1,202835.0
464,2025 Q2,166501.0
465,2024 Q2,632175.0
465,2024 Q3,588014.0
465,2024 Q4,670872.0
465,2025 Q1,630916.0
465,2025 Q2,576002.0
466,2024 Q2,161835.0
466,2024 Q3,118715.0
466,2024 Q4,170727.0
466,2025 Q1,209452.0
466,2025 Q2,172737.0
467,2024 Q2,294343.0
467,2024 Q3,305581.0
467,2024 Q4,317540.0
467,2025 Q1,316996.0
467,2025 Q2,285930.0
468,2024 Q2,154991.0
468,2024 Q3,138702.0
468,2024 Q4,177762.0
468,2025 Q1,191339.0
468,2025 Q2,162603.0
469,2024 Q2,139279.0
469,2024 Q3,172758.0
469,2024 Q4,128227.0
469,2025 Q1,118601.0
469,2025 Q2,146180.0
470,2024 Q2,195225.0
470,2024 Q3,180899.0
470,2024 Q4,227735.0
470,2025 Q1,239038.0
470,2025 Q2,212306.0
471,2024 Q2,334618.0
471,2024 Q3,269548.0
471,2024 Q4,348905.0
471,2025 Q1,347378.0
471,2025 Q2,303625.0
472,2024 Q2,152509.0
472,2024 Q3,127540.0
472,2024 Q4,162173.0
472,2025 Q1,148456.0
472,2025 Q2,132736.0
473,2024 Q2,495526.0
473,2024 Q3,459503.0
473,2024 Q4,550458.0
473,2025 Q1,609073.0
473,2025 Q2,539980.0
474,2024 Q2,154798.0
474,2024 Q3,145947.0
474,2024 Q4,190717.0
474,2025 Q1,202634.0
474,2025 Q2,188096.0
475,2024 Q2,628047.0
475,2024 Q3,568523.0
475,2024 Q4,710804.0
475,2025 Q1,682819.0
475,2025 Q2,672936.0
476,2024 Q2,165720.0
476,2024 Q3,146067.0
476,2024 Q4,184867.0
476,2025 Q1,198171.0
476,2025 Q2,164990.0
477,2024 Q2,348711.0
477,2024 Q3,280202.0
477,2024 Q4,369525.0
477,2025 Q1,361726.0
477,2025 Q2,335074.0
478,2024 Q2,207022.0
478,2024 Q3,183176.0
478,2024 Q4,230565.0
478,2025 Q1,238529.0
478,2025 Q2,224736.0
479,2024 Q2,98125.0
479,2024 Q3,183898.0
479,2024 Q4,189644.0
479,2025 Q1,222940.0
479,2025 Q2,196051.0
480,2024 Q2,336519.0
480,2024 Q3,279063.0
480,2024 Q4,366529.0
480,2025 Q1,382205.0
480,2025 Q2,328661.0
481,2024 Q2,176025.0
481,2024 Q3,157439.0
481,2024 Q4,202008.0
481,2025 Q1,212877.0
481,2025 Q2,193410.0
482,2024 Q2,475987.0
482,2024 Q3,299052.0
482,2024 Q4,464965.0
482,2025 Q1,453061.0
482,2025 Q2,285266.0
483,2024 Q2,217136.0
483,2024 Q3,127459.0
483,2024 Q4,212417.0
483,2025 Q1,191442.0
483,2025 Q2,115534.0
484,2024 Q2,409697.0
484,2024 Q3,404220.0
484,2024 Q4,448065.0
484,2025 Q1,384495.0
484,2025 Q2,390700.0
485,2024 Q2,281972.0
485,2024 Q3,384177.0
485,2024 Q4,461545.0
485,2025 Q1,278150.0
485,2025 Q2,402838.0
486,2024 Q2,281195.0
486,2024 Q3,252169.0
486,2024 Q4,286075.0
486,2025 Q1,299298.0
486,2025 Q2,270727.0
487,2024 Q2,151271.0
487,2024 Q3,139869.0
487,2024 Q4,163904.0
487,2025 Q1,166797.0
487,2025 Q2,147793.0
488,2024 Q2,245505.0
488,2024 Q3,235071.0
488,2024 Q4,295744.0
488,2025 Q1,296101.0
488,2025 Q2,283253.0
489,2024 Q2,250066.0
489,2024 Q3,223485.0
489,2024 Q4,252811.0
489,2025 Q1,259458.0
489,2025 Q2,244146.0
490,2024 Q2,169158.0
490,2024 Q3,179251.0
490,2024 Q4,223315.0
490,2025 Q1,227752.0
490,2025 Q2,218409.0
491,2024 Q2,143401.0
491,2024 Q3,132275.0
491,2024 Q4,166349.0
491,2025 Q1,169340.0
491,2025 Q2,150511.0
492,2024 Q2,159776.0
492,2024 Q3,145986.0
492,2024 Q4,203893.0
492,2025 Q1,204020.0
492,2025 Q2,186193.0
493,2024 Q2,179759.0
493,2024 Q3,157532.0
493,2024 Q4,205924.0
493,2025 Q1,205445.0
493,2025 Q2,188603.0
494,2024 Q2,106191.0
494,2024 Q3,161876.0
494,2024 Q4,166847.0
494,2025 Q1,116686.0
494,2025 Q2,99047.0
495,2024 Q2,353449.0
495,2024 Q3,389139.0
495,2024 Q4,370701.0
495,2025 Q1,288865.0
495,2025 Q2,250771.0
496,2024 Q2,162677.0
496,2024 Q3,143691.0
496,2024 Q4,187791.0
496,2025 Q1,193699.0
496,2025 Q2,164862.0
497,2024 Q2,332918.0
497,2024 Q3,281430.0
497,2024 Q4,331119.0
497,2025 Q1,339299.0
497,2025 Q2,292507.0
498,2024 Q2,168519.0
498,2024 Q3,155403.0
498,2024 Q4,213544.0
498,2025 Q1,213708.0
498,2025 Q2,191383.0
499,2024 Q2,145967.0
499,2024 Q3,133627.0
499,2024 Q4,170585.0
499,2025 Q1,177735.0
499,2025 Q2,163707.0
500,2024 Q2,170638.0
500,2024 Q3,156485.0
500,2024 Q4,196387.0
500,2025 Q1,198739.0
500,2025 Q2,172260.0
501,2024 Q2,177401.0
501,2024 Q3,137880.0
501,2024 Q4,164107.0
501,2025 Q1,178691.0
501,2025 Q2,177856.0
502,2024 Q2,165565.0
502,2024 Q3,160341.0
502,2024 Q4,207688.0
502,2025 Q1,201827.0
502,2025 Q2,162054.0
