BuyerId,VATPeriod,VATDate,BuyerSector,BuyerSizeCategory,TotalObligation,ActualPayment,UnderPayment,TransactionCount,ComplianceRate
673,2024 Q2,2024-06-30,Importer,Medium,46683.34,46683.34,0.0,182,1.0
673,2024 Q3,2024-09-30,Importer,Medium,45708.8,45708.8,0.0,170,1.0
673,2024 Q4,2024-12-31,Importer,Medium,47301.02,47301.02,0.0,169,1.0
673,2025 Q1,2025-03-31,Importer,Medium,49358.9,49358.9,0.0,169,1.0
673,2025 Q2,2025-06-30,Importer,Medium,49442.4,49442.4,0.0,170,1.0
673,2025 Q3,2025-09-30,Importer,Medium,45867.88,45867.88,0.0,169,1.0
674,2024 Q2,2024-06-30,Importer,Small,2102.11,2021.65,80.44,14,0.9617
674,2024 Q3,2024-09-30,Importer,Small,2144.97,2062.9,82.09,13,0.9617
674,2024 Q4,2024-12-31,Importer,Small,2350.33,2260.39,89.92999999999999,13,0.9617
674,2025 Q1,2025-03-31,Importer,Small,2224.09,2138.96,85.09,13,0.9617
674,2025 Q2,2025-06-30,Importer,Small,2066.66,1987.57,79.08,13,0.9617
674,2025 Q3,2025-09-30,Importer,Small,2090.25,2010.26,79.99,13,0.9617
675,2024 Q2,2024-06-30,Importer,Small,24933.68,24702.61,231.07,113,0.9907
675,2024 Q3,2024-09-30,Importer,Small,22104.21,21899.38,204.9,104,0.9907
675,2024 Q4,2024-12-31,Importer,Small,25754.06,25515.35,238.71,104,0.9907
675,2025 Q1,2025-03-31,Importer,Small,26294.2,26050.47,243.67,104,0.9907
675,2025 Q2,2025-06-30,Importer,Small,25331.89,25097.07,234.81,104,0.9907
675,2025 Q3,2025-09-30,Importer,Small,27388.88,27135.02,253.85,105,0.9907
677,2024 Q2,2024-06-30,Importer,Small,14841.59,14841.59,0.0,70,1.0
677,2024 Q3,2024-09-30,Importer,Small,14375.93,14375.93,0.0,65,1.0
677,2024 Q4,2024-12-31,Importer,Small,15476.81,15476.81,0.0,65,1.0
677,2025 Q1,2025-03-31,Importer,Small,17204.55,17204.55,0.0,65,1.0
677,2025 Q2,2025-06-30,Importer,Small,17851.16,17851.16,0.0,65,1.0
677,2025 Q3,2025-09-30,Importer,Small,16366.91,16366.91,0.0,65,1.0
678,2024 Q2,2024-06-30,Importer,Medium,16305.07,9459.19,6845.83,56,0.5801
678,2024 Q3,2024-09-30,Importer,Medium,14689.84,8522.16,6167.66,52,0.5801
678,2024 Q4,2024-12-31,Importer,Medium,13837.65,8027.769999999999,5809.85,52,0.5801
678,2025 Q1,2025-03-31,Importer,Medium,14182.63,8227.88,5954.72,52,0.5801
678,2025 Q2,2025-06-30,Importer,Medium,15506.98,8996.19,6510.77,52,0.5801
678,2025 Q3,2025-09-30,Importer,Medium,14790.94,8580.83,6210.14,52,0.5801
679,2024 Q2,2024-06-30,Importer,Large,19236.73,10881.42,8355.36,84,0.5657
679,2024 Q3,2024-09-30,Importer,Large,18357.15,10383.83,7973.38,78,0.5657
679,2024 Q4,2024-12-31,Importer,Large,20921.53,11834.41,9087.09,78,0.5657
679,2025 Q1,2025-03-31,Importer,Large,21129.55,11952.09,9177.44,78,0.5657
679,2025 Q2,2025-06-30,Importer,Large,20255.43,11457.61,8797.78,78,0.5657
679,2025 Q3,2025-09-30,Importer,Large,20558.78,11629.25,8929.54,78,0.5657
680,2024 Q2,2024-06-30,Importer,Medium,43352.75,43232.92,119.79,140,0.9972
680,2024 Q3,2024-09-30,Importer,Medium,40042.71,39932.04,110.73,130,0.9972
680,2024 Q4,2024-12-31,Importer,Medium,41929.08,41813.13,115.94,130,0.9972
680,2025 Q1,2025-03-31,Importer,Medium,42295.69,42178.77,116.94,130,0.9972
680,2025 Q2,2025-06-30,Importer,Medium,41373.15,41258.71,114.41,130,0.9972
680,2025 Q3,2025-09-30,Importer,Medium,41779.13,41663.63,115.54,130,0.9972
681,2024 Q2,2024-06-30,Importer,Small,7972.36,0.0,7972.36,28,0.0
681,2024 Q3,2024-09-30,Importer,Small,8045.94,0.0,8045.94,27,0.0
681,2024 Q4,2024-12-31,Importer,Small,8886.15,0.0,8886.15,26,0.0
681,2025 Q1,2025-03-31,Importer,Small,9343.5,0.0,9343.5,26,0.0
681,2025 Q2,2025-06-30,Importer,Small,9517.96,0.0,9517.96,26,0.0
681,2025 Q3,2025-09-30,Importer,Small,9686.32,0.0,9686.32,26,0.0
682,2024 Q2,2024-06-30,Importer,Small,23919.54,14707.55,9211.91,112,0.6149
682,2024 Q3,2024-09-30,Importer,Small,25064.04,15411.38,9652.7,104,0.6149
682,2024 Q4,2024-12-31,Importer,Small,22427.05,13789.91,8637.13,104,0.6149
682,2025 Q1,2025-03-31,Importer,Small,23275.23,14311.45,8963.73,105,0.6149
682,2025 Q2,2025-06-30,Importer,Small,27494.47,16905.77,10588.68,104,0.6149
682,2025 Q3,2025-09-30,Importer,Small,27117.33,16673.94,10443.44,105,0.6149
683,2024 Q2,2024-06-30,Importer,Small,6689.65,6626.84,62.82,28,0.9906
683,2024 Q3,2024-09-30,Importer,Small,6695.37,6632.5,62.87,26,0.9906
683,2024 Q4,2024-12-31,Importer,Small,6830.62,6766.49,64.16,26,0.9906
683,2025 Q1,2025-03-31,Importer,Small,7175.32,7107.92,67.35,26,0.9906
683,2025 Q2,2025-06-30,Importer,Small,8221.6,8144.4,77.19,27,0.9906
683,2025 Q3,2025-09-30,Importer,Small,8820.69,8737.86,82.84,27,0.9906
684,2024 Q2,2024-06-30,Importer,Medium,2363.33,2363.33,0.0,14,1.0
684,2024 Q3,2024-09-30,Importer,Medium,2249.12,2249.12,0.0,13,1.0
684,2024 Q4,2024-12-31,Importer,Medium,2089.3,2089.3,0.0,13,1.0
684,2025 Q1,2025-03-31,Importer,Medium,2083.58,2083.58,0.0,13,1.0
684,2025 Q2,2025-06-30,Importer,Medium,2331.87,2331.87,0.0,13,1.0
684,2025 Q3,2025-09-30,Importer,Medium,2292.79,2292.79,0.0,13,1.0
685,2024 Q2,2024-06-30,Importer,Small,8879.67,8699.79,179.88,28,0.9797
685,2024 Q3,2024-09-30,Importer,Small,6007.4,5885.71,121.66,26,0.9797
685,2024 Q4,2024-12-31,Importer,Small,6530.9800000000005,6398.6900000000005,132.32,26,0.9797
685,2025 Q1,2025-03-31,Importer,Small,8186.2,8020.36,165.85,26,0.9797
685,2025 Q2,2025-06-30,Importer,Small,6748.87,6612.17,136.72,26,0.9797
685,2025 Q3,2025-09-30,Importer,Small,6181.31,6056.1,125.18,26,0.9797
686,2024 Q2,2024-06-30,Importer,Small,28834.93,17729.95,11104.95,112,0.6149
686,2024 Q3,2024-09-30,Importer,Small,31134.47,19143.85,11990.61,104,0.6149
686,2024 Q4,2024-12-31,Importer,Small,31546.75,19397.33,12149.39,104,0.6149
686,2025 Q1,2025-03-31,Importer,Small,29057.8,17866.99,11190.8,105,0.6149
686,2025 Q2,2025-06-30,Importer,Small,29116.78,17903.25,11213.55,104,0.6149
686,2025 Q3,2025-09-30,Importer,Small,27220.62,16737.31,10483.3,104,0.6149
687,2024 Q2,2024-06-30,Importer,Medium,1718.24,1197.86,520.39,14,0.6971
687,2024 Q3,2024-09-30,Importer,Medium,1782.94,1242.93,539.99,13,0.6971
687,2024 Q4,2024-12-31,Importer,Medium,1826.41,1273.28,553.15,13,0.6971
687,2025 Q1,2025-03-31,Importer,Medium,1990.1,1387.34,602.73,13,0.6971
687,2025 Q2,2025-06-30,Importer,Medium,2107.73,1469.38,638.35,13,0.6971
687,2025 Q3,2025-09-30,Importer,Medium,2218.17,1546.37,671.8,13,0.6971
688,2024 Q2,2024-06-30,Importer,Small,10751.28,10751.28,0.0,29,1.0
688,2024 Q3,2024-09-30,Importer,Small,10281.32,10281.32,0.0,26,1.0
688,2024 Q4,2024-12-31,Importer,Small,12154.14,12154.14,0.0,26,1.0
688,2025 Q1,2025-03-31,Importer,Small,11117.23,11117.23,0.0,26,1.0
688,2025 Q2,2025-06-30,Importer,Small,8624.880000000001,8624.880000000001,0.0,26,1.0
688,2025 Q3,2025-09-30,Importer,Small,12993.22,12993.22,0.0,26,1.0
689,2024 Q2,2024-06-30,Importer,Small,23821.79,23821.79,0.0,99,1.0
689,2024 Q3,2024-09-30,Importer,Small,21657.08,21657.08,0.0,92,1.0
689,2024 Q4,2024-12-31,Importer,Small,24139.39,24139.39,0.0,91,1.0
689,2025 Q1,2025-03-31,Importer,Small,23247.01,23247.01,0.0,91,1.0
689,2025 Q2,2025-06-30,Importer,Small,23662.21,23662.21,0.0,91,1.0
689,2025 Q3,2025-09-30,Importer,Small,22823.82,22823.82,0.0,92,1.0
690,2024 Q2,2024-06-30,Importer,Small,16826.39,6583.54,10242.86,57,0.3913
690,2024 Q3,2024-09-30,Importer,Small,13531.37,5294.34,8237.04,52,0.3913
690,2024 Q4,2024-12-31,Importer,Small,14385.23,5628.4,8756.81,52,0.3913
690,2025 Q1,2025-03-31,Importer,Small,15039.94,5884.58,9155.37,52,0.3913
690,2025 Q2,2025-06-30,Importer,Small,14579.19,5704.3,8874.9,52,0.3913
690,2025 Q3,2025-09-30,Importer,Small,15051.64,5889.13,9162.5,52,0.3913
692,2024 Q2,2024-06-30,Importer,Large,46957.46,34020.95,12936.49,168,0.7245
692,2024 Q3,2024-09-30,Importer,Large,41169.41,29827.58,11341.86,156,0.7245
692,2024 Q4,2024-12-31,Importer,Large,39628.34,28710.99,10917.34,156,0.7245
692,2025 Q1,2025-03-31,Importer,Large,43625.56,31606.98,12018.59,156,0.7245
692,2025 Q2,2025-06-30,Importer,Large,45404.27,32895.72,12508.48,157,0.7245
692,2025 Q3,2025-09-30,Importer,Large,40862.05,29604.92,11257.19,156,0.7245
