CompanyId,VATPeriod,VATDate,Sector,SizeCategory,TotalObligation,ActualPayment,UnderPayment,TransactionCount,ComplianceRate
2013,2023 Q1,2023-03-31,Importer,Small,155723.94,0.0,155723.94,70,0.0
2013,2023 Q2,2023-06-30,Importer,Small,140514.63999999998,0.0,140514.63999999998,67,0.0
2013,2023 Q3,2023-09-30,Importer,Small,149464.85,14946.47,134518.36,66,0.1
2013,2023 Q4,2023-12-31,Importer,Small,154949.13,15494.9,139454.25,65,0.1
2013,2024 Q1,2024-03-31,Importer,Small,167343.41,16734.34,150609.06,68,0.1
2013,2024 Q2,2024-06-30,Importer,Small,162710.95,16271.11,146439.92,67,0.1
2013,2024 Q3,2024-09-30,Importer,Small,162171.48,0.0,162171.48,66,0.0
2013,2024 Q4,2024-12-31,Importer,Small,191007.3,0.0,191007.3,71,0.0
2013,2025 Q1,2025-03-31,Importer,Small,171961.17,10876.9,161084.35,63,0.0633
2013,2025 Q2,2025-06-30,Importer,Small,179852.79,1573.87,178278.93,67,0.0088
2013,2025 Q3,2025-09-30,Importer,Small,169912.45,0.0,169912.45,71,0.0
2014,2023 Q1,2023-03-31,Importer,Medium,92578.83,0.0,92578.83,70,0.0
2014,2023 Q2,2023-06-30,Importer,Medium,96627.52,0.0,96627.52,65,0.0
2014,2023 Q3,2023-09-30,Importer,Medium,99593.18,0.0,99593.18,65,0.0
2014,2023 Q4,2023-12-31,Importer,Medium,102702.1,10270.23,92431.89,66,0.1
2014,2024 Q1,2024-03-31,Importer,Medium,104528.9,3024.87,101504.04,66,0.0289
2014,2024 Q2,2024-06-30,Importer,Medium,100755.75,605.59,100150.19,65,0.006
2014,2024 Q3,2024-09-30,Importer,Medium,104934.56999999999,10493.47,94441.13,65,0.1
2014,2024 Q4,2024-12-31,Importer,Medium,125594.1,1167.96,124426.1,71,0.0093
2014,2025 Q1,2025-03-31,Importer,Medium,105023.88,10502.41,94521.45999999999,60,0.1
2014,2025 Q2,2025-06-30,Importer,Medium,114363.29,0.0,114363.29,65,0.0
2014,2025 Q3,2025-09-30,Importer,Medium,114634.79,853.99,113780.79,70,0.0074
2015,2023 Q1,2023-03-31,Importer,Small,26628.1,19158.82,7469.28,59,0.7195
2015,2023 Q2,2023-06-30,Importer,Small,23310.41,15946.34,7364.09,53,0.6841
2015,2023 Q3,2023-09-30,Importer,Small,24099.56,11048.42,13051.17,52,0.4584
2015,2023 Q4,2023-12-31,Importer,Small,31535.010000000002,21929.56,9605.42,54,0.6954
2015,2024 Q1,2024-03-31,Importer,Small,29449.85,18090.93,11358.93,52,0.6143
2015,2024 Q2,2024-06-30,Importer,Small,28142.04,16686.95,11455.12,54,0.593
2015,2024 Q3,2024-09-30,Importer,Small,25313.53,17921.99,7391.55,53,0.708
2015,2024 Q4,2024-12-31,Importer,Small,32678.46,21863.79,10814.64,57,0.6691
2015,2025 Q1,2025-03-31,Importer,Small,27614.17,17924.17,9690.0,49,0.6491
2015,2025 Q2,2025-06-30,Importer,Small,28340.59,11225.65,17114.97,53,0.3961
2015,2025 Q3,2025-09-30,Importer,Small,31161.57,24739.99,6421.56,58,0.7939
2016,2023 Q1,2023-03-31,Importer,Medium,108872.51,0.0,108872.51,85,0.0
2016,2023 Q2,2023-06-30,Importer,Medium,121675.88,0.0,121675.88,81,0.0
2016,2023 Q3,2023-09-30,Importer,Medium,115008.4,7419.21,107589.19,79,0.0645
2016,2023 Q4,2023-12-31,Importer,Medium,116189.65,0.0,116189.65,78,0.0
2016,2024 Q1,2024-03-31,Importer,Medium,110935.70999999999,0.0,110935.70999999999,78,0.0
2016,2024 Q2,2024-06-30,Importer,Medium,125984.02,12534.88,113449.08,79,0.0995
2016,2024 Q3,2024-09-30,Importer,Medium,127013.81999999999,9785.91,117227.84,79,0.077
2016,2024 Q4,2024-12-31,Importer,Medium,128743.53,0.0,128743.53,86,0.0
2016,2025 Q1,2025-03-31,Importer,Medium,110756.76,6714.72,104041.95999999999,73,0.0606
2016,2025 Q2,2025-06-30,Importer,Medium,124983.07,0.0,124983.07,78,0.0
2016,2025 Q3,2025-09-30,Importer,Medium,130335.18,0.0,130335.18,86,0.0
2017,2023 Q1,2023-03-31,Importer,Medium,123267.6,55547.659999999996,67719.95999999999,114,0.4506
2017,2023 Q2,2023-06-30,Importer,Medium,115559.26,69017.06,46542.229999999996,106,0.5972
2017,2023 Q3,2023-09-30,Importer,Medium,116361.35,76117.81,40243.63,104,0.6542
2017,2023 Q4,2023-12-31,Importer,Medium,119528.47,84249.76,35278.73,104,0.7049
2017,2024 Q1,2024-03-31,Importer,Medium,127152.8,74922.53,52230.26,105,0.5892
2017,2024 Q2,2024-06-30,Importer,Medium,123014.49,76536.14,46478.41,105,0.6222
2017,2024 Q3,2024-09-30,Importer,Medium,121458.38,108408.99,13049.31,104,0.8926
2017,2024 Q4,2024-12-31,Importer,Medium,144946.48,137699.15,7247.35,114,0.95
2017,2025 Q1,2025-03-31,Importer,Medium,126128.64,106768.11,19360.54,97,0.8465
2017,2025 Q2,2025-06-30,Importer,Medium,133043.51,86116.55,46926.9,104,0.6473
2017,2025 Q3,2025-09-30,Importer,Medium,130887.63,71503.23,59384.38,112,0.5463
2018,2023 Q1,2023-03-31,Importer,Small,97654.81999999999,97461.83,192.93,70,0.998
2018,2023 Q2,2023-06-30,Importer,Small,89107.64,87815.49,1292.14,66,0.9855
2018,2023 Q3,2023-09-30,Importer,Small,91591.96,89122.62,2469.33,65,0.973
2018,2023 Q4,2023-12-31,Importer,Small,96016.07,93875.0,2141.06,66,0.9777
2018,2024 Q1,2024-03-31,Importer,Small,105473.7,105473.7,0.0,65,1.0
2018,2024 Q2,2024-06-30,Importer,Small,91964.55,88797.82,3166.68,65,0.9656
2018,2024 Q3,2024-09-30,Importer,Small,92858.54,90487.97,2370.54,66,0.9745
2018,2024 Q4,2024-12-31,Importer,Small,112547.07,109856.29000000001,2690.78,70,0.9761
2018,2025 Q1,2025-03-31,Importer,Small,100243.43,97934.51,2308.93,60,0.977
2018,2025 Q2,2025-06-30,Importer,Small,101753.49,101197.55,555.92,66,0.9945
2018,2025 Q3,2025-09-30,Importer,Small,95982.69,95255.41,727.28,70,0.9924
2020,2023 Q1,2023-03-31,Importer,Small,63372.89,48216.14,15156.82,56,0.7608
2020,2023 Q2,2023-06-30,Importer,Small,71705.64,42498.86,29206.79,53,0.5927
2020,2023 Q3,2023-09-30,Importer,Small,64822.74,41815.08,23007.59,52,0.6451
2020,2023 Q4,2023-12-31,Importer,Small,59557.8,40540.58,19017.18,53,0.6807
2020,2024 Q1,2024-03-31,Importer,Small,66244.88,39018.75,27226.14,53,0.589
2020,2024 Q2,2024-06-30,Importer,Small,81659.8,65478.3,16181.52,52,0.8018
2020,2024 Q3,2024-09-30,Importer,Small,81670.2,58694.42,22975.77,53,0.7187
2020,2024 Q4,2024-12-31,Importer,Small,78763.17,42084.55,36678.65,58,0.5343
2020,2025 Q1,2025-03-31,Importer,Small,73664.81999999999,53230.57,20434.21,49,0.7226
2020,2025 Q2,2025-06-30,Importer,Small,85631.56,37206.11,48425.45,53,0.4345
2020,2025 Q3,2025-09-30,Importer,Small,75129.96,36856.42,38273.55,57,0.4906
2021,2023 Q1,2023-03-31,Importer,Small,10932.12,8679.03,2253.08,30,0.7939
2021,2023 Q2,2023-06-30,Importer,Small,9089.58,4983.7699999999995,4105.79,27,0.5483
2021,2023 Q3,2023-09-30,Importer,Small,7815.48,5675.96,2139.5099999999998,26,0.7262
2021,2023 Q4,2023-12-31,Importer,Small,8419.34,4981.4800000000005,3437.86,26,0.5917
2021,2024 Q1,2024-03-31,Importer,Small,8830.08,7819.87,1010.23,26,0.8856
2021,2024 Q2,2024-06-30,Importer,Small,11164.57,5774.31,5390.25,26,0.5172
2021,2024 Q3,2024-09-30,Importer,Small,8828.75,5987.55,2841.22,26,0.6782
2021,2024 Q4,2024-12-31,Importer,Small,9134.13,4315.34,4818.81,28,0.4724
2021,2025 Q1,2025-03-31,Importer,Small,8435.27,7433.29,1001.96,25,0.8812
2021,2025 Q2,2025-06-30,Importer,Small,9803.23,5173.45,4629.79,27,0.5277
2021,2025 Q3,2025-09-30,Importer,Small,8001.82,6724.62,1277.23,28,0.8404
2022,2023 Q1,2023-03-31,Importer,Small,129156.84,12915.65,116241.18,85,0.1
2022,2023 Q2,2023-06-30,Importer,Small,113028.6,11302.83,101725.81,79,0.1
2022,2023 Q3,2023-09-30,Importer,Small,110909.96,7587.84,103322.2,79,0.0684
2022,2023 Q4,2023-12-31,Importer,Small,129289.73,0.0,129289.73,80,0.0
2022,2024 Q1,2024-03-31,Importer,Small,121255.89,0.0,121255.89,78,0.0
2022,2024 Q2,2024-06-30,Importer,Small,116895.75,7482.46,109413.27,78,0.064
2022,2024 Q3,2024-09-30,Importer,Small,115475.78,0.0,115475.78,78,0.0
2022,2024 Q4,2024-12-31,Importer,Small,143394.43,10922.57,132471.88,85,0.0762
2022,2025 Q1,2025-03-31,Importer,Small,121986.68,5223.98,116762.68,72,0.0428
2022,2025 Q2,2025-06-30,Importer,Small,124048.05,0.0,124048.05,78,0.0
2022,2025 Q3,2025-09-30,Importer,Small,125634.59,0.0,125634.59,85,0.0
2023,2023 Q1,2023-03-31,Importer,Small,74450.84,50285.29,24165.64,70,0.6754
2023,2023 Q2,2023-06-30,Importer,Small,68989.96,42475.1,26514.79,65,0.6157
2023,2023 Q3,2023-09-30,Importer,Small,71466.48,67893.21,3573.33,65,0.95
2023,2023 Q4,2023-12-31,Importer,Small,76490.98,49843.45,26647.51,66,0.6516
2023,2024 Q1,2024-03-31,Importer,Small,73362.26,67636.15,5726.11,65,0.9219
2023,2024 Q2,2024-06-30,Importer,Small,78777.17,42430.23,36347.0,66,0.5386
2023,2024 Q3,2024-09-30,Importer,Small,78535.53,59797.81,18737.760000000002,66,0.7614
2023,2024 Q4,2024-12-31,Importer,Small,88042.29,38773.33,49268.95,70,0.4404
2023,2025 Q1,2025-03-31,Importer,Small,72828.54,38070.82,34757.770000000004,60,0.5227
2023,2025 Q2,2025-06-30,Importer,Small,86479.92,68159.03,18320.93,65,0.7881
2023,2025 Q3,2025-09-30,Importer,Small,87567.38,49616.270000000004,37951.12,70,0.5666
2024,2023 Q1,2023-03-31,Importer,Small,12005.46,8305.73,3699.69,28,0.6918
2024,2023 Q2,2023-06-30,Importer,Small,12308.43,7719.22,4589.16,26,0.6271
2024,2023 Q3,2023-09-30,Importer,Small,13128.17,9417.44,3710.71,28,0.7173
2024,2023 Q4,2023-12-31,Importer,Small,12057.4,8018.76,4038.67,27,0.665
2024,2024 Q1,2024-03-31,Importer,Small,11759.9,9292.35,2467.55,26,0.7902
2024,2024 Q2,2024-06-30,Importer,Small,13376.699999999999,9321.9,4054.77,27,0.6969
2024,2024 Q3,2024-09-30,Importer,Small,13353.28,9613.81,3739.45,27,0.72
2024,2024 Q4,2024-12-31,Importer,Small,13229.28,7273.82,5955.43,28,0.5498
2024,2025 Q1,2025-03-31,Importer,Small,11246.98,5922.110000000001,5324.86,24,0.5266
2024,2025 Q2,2025-06-30,Importer,Small,13137.79,9893.74,3244.06,26,0.7531
2024,2025 Q3,2025-09-30,Importer,Small,13451.39,6826.15,6625.22,29,0.5075
2025,2023 Q1,2023-03-31,Importer,Small,11215.789999999999,5765.6,5450.2,14,0.5141
2025,2023 Q2,2023-06-30,Importer,Small,12754.03,6983.9400000000005,5770.07,14,0.5476
2025,2023 Q3,2023-09-30,Importer,Small,10910.15,8777.49,2132.63,13,0.8045
2025,2023 Q4,2023-12-31,Importer,Small,12096.82,7247.0,4849.84,15,0.5991
2025,2024 Q1,2024-03-31,Importer,Small,11286.68,7185.15,4101.52,14,0.6366
2025,2024 Q2,2024-06-30,Importer,Small,10601.51,7179.83,3421.69,13,0.6772
2025,2024 Q3,2024-09-30,Importer,Small,10757.09,6715.23,4041.88,13,0.6243
2025,2024 Q4,2024-12-31,Importer,Small,14406.26,7014.92,7391.34,14,0.4869
2025,2025 Q1,2025-03-31,Importer,Small,12244.0,7327.38,4916.65,13,0.5984
2025,2025 Q2,2025-06-30,Importer,Small,10081.3,9485.380000000001,595.92,14,0.9409
2025,2025 Q3,2025-09-30,Importer,Small,10694.34,5016.75,5677.62,15,0.4691
2026,2023 Q1,2023-03-31,Importer,Small,71657.24,52761.45,18895.760000000002,14,0.7363
2026,2023 Q2,2023-06-30,Importer,Small,70249.31,61489.71,8759.619999999999,14,0.8753
2026,2023 Q3,2023-09-30,Importer,Small,74814.11,53621.34,21192.78,15,0.7167
2026,2023 Q4,2023-12-31,Importer,Small,77623.3,45613.17,32010.13,13,0.5876
2026,2024 Q1,2024-03-31,Importer,Small,81681.68,54496.48,27185.21,14,0.6672
2026,2024 Q2,2024-06-30,Importer,Small,73239.6,41719.19,31520.43,13,0.5696
2026,2024 Q3,2024-09-30,Importer,Small,75004.11,43003.56,32000.53,14,0.5733
2026,2024 Q4,2024-12-31,Importer,Small,86580.5,60588.29,25992.19,14,0.6998
2026,2025 Q1,2025-03-31,Importer,Small,84745.73,61254.18,23491.56,13,0.7228
2026,2025 Q2,2025-06-30,Importer,Small,80338.25,54044.06,26294.22,13,0.6727
2026,2025 Q3,2025-09-30,Importer,Small,77912.59,51929.45,25983.14,14,0.6665
2027,2023 Q1,2023-03-31,Importer,Small,170219.2,166936.2,3282.9700000000003,127,0.9807
2027,2023 Q2,2023-06-30,Importer,Small,177143.01,169473.18,7669.82,119,0.9567
2027,2023 Q3,2023-09-30,Importer,Small,166030.29,160823.48,5206.7,117,0.9686
2027,2023 Q4,2023-12-31,Importer,Small,175619.54,172689.31,2930.2,117,0.9833
2027,2024 Q1,2024-03-31,Importer,Small,178489.54,173239.27,5250.24,117,0.9706
2027,2024 Q2,2024-06-30,Importer,Small,180368.17,175771.94,4596.15,119,0.9745
2027,2024 Q3,2024-09-30,Importer,Small,167898.88999999998,160292.27,7606.65,117,0.9547
2027,2024 Q4,2024-12-31,Importer,Small,196174.69,189919.1,6255.56,126,0.9681
2027,2025 Q1,2025-03-31,Importer,Small,173748.33,171465.25,2283.09,109,0.9869
2027,2025 Q2,2025-06-30,Importer,Small,189191.72,183334.74,5857.05,118,0.969
2027,2025 Q3,2025-09-30,Importer,Small,176297.07,174847.25,1449.83,126,0.9918
2028,2023 Q1,2023-03-31,Importer,Medium,160856.87,11295.99,149560.88999999998,127,0.0702
2028,2023 Q2,2023-06-30,Importer,Medium,150817.47,0.0,150817.47,118,0.0
2028,2023 Q3,2023-09-30,Importer,Medium,148860.21,7590.99,141269.23,118,0.051
2028,2023 Q4,2023-12-31,Importer,Medium,166203.29,13837.31,152366.07,117,0.0833
2028,2024 Q1,2024-03-31,Importer,Medium,169706.45,0.0,169706.45,118,0.0
2028,2024 Q2,2024-06-30,Importer,Medium,157326.35,0.0,157326.35,119,0.0
2028,2024 Q3,2024-09-30,Importer,Medium,159860.34,11147.27,148713.05,119,0.0697
2028,2024 Q4,2024-12-31,Importer,Medium,199283.03,19928.29,179354.8,127,0.1
2028,2025 Q1,2025-03-31,Importer,Medium,166588.27,16658.82,149929.43,109,0.1
2028,2025 Q2,2025-06-30,Importer,Medium,181242.69,0.0,181242.69,119,0.0
2028,2025 Q3,2025-09-30,Importer,Medium,181809.85,7407.95,174401.94,128,0.0407
2029,2023 Q1,2023-03-31,Importer,Medium,143232.12,14323.23,128908.91,113,0.1
2029,2023 Q2,2023-06-30,Importer,Medium,150075.67,15007.6,135068.13,106,0.1
2029,2023 Q3,2023-09-30,Importer,Medium,151481.73,0.0,151481.73,106,0.0
2029,2023 Q4,2023-12-31,Importer,Medium,159856.2,2939.88,156916.25,104,0.0184
2029,2024 Q1,2024-03-31,Importer,Medium,159613.77,0.0,159613.77,105,0.0
2029,2024 Q2,2024-06-30,Importer,Medium,157799.45,0.0,157799.45,104,0.0
2029,2024 Q3,2024-09-30,Importer,Medium,155591.02,5055.21,150535.86,104,0.0325
2029,2024 Q4,2024-12-31,Importer,Medium,176525.95,9147.2,167378.76,112,0.0518
2029,2025 Q1,2025-03-31,Importer,Medium,156017.13,0.0,156017.13,98,0.0
2029,2025 Q2,2025-06-30,Importer,Medium,166811.13,8973.56,157837.52,104,0.0538
2029,2025 Q3,2025-09-30,Importer,Medium,167118.96,16711.92,150407.07,113,0.1
2030,2023 Q1,2023-03-31,Importer,Small,99579.36,97162.53,2416.8,56,0.9757
2030,2023 Q2,2023-06-30,Importer,Small,93525.67,92052.57,1473.17,53,0.9842
2030,2023 Q3,2023-09-30,Importer,Small,97010.73,94653.43000000001,2357.26,52,0.9757
2030,2023 Q4,2023-12-31,Importer,Small,107753.98,105367.67,2386.24,52,0.9779
2030,2024 Q1,2024-03-31,Importer,Small,106964.2,105147.43000000001,1816.77,53,0.983
2030,2024 Q2,2024-06-30,Importer,Small,97765.81999999999,93181.91,4583.99,52,0.9531
2030,2024 Q3,2024-09-30,Importer,Small,92430.69,92430.69,0.0,52,1.0
2030,2024 Q4,2024-12-31,Importer,Small,120477.95,120120.12,357.77,56,0.997
2030,2025 Q1,2025-03-31,Importer,Small,104418.6,101269.03,3149.63,49,0.9698
2030,2025 Q2,2025-06-30,Importer,Small,106357.97,103538.93000000001,2819.0299999999997,52,0.9735
2030,2025 Q3,2025-09-30,Importer,Small,100433.84999999999,96261.61,4172.26,57,0.9585
2031,2023 Q1,2023-03-31,Importer,Medium,52471.56,51647.75,823.8100000000001,57,0.9843
2031,2023 Q2,2023-06-30,Importer,Medium,47630.979999999996,47518.729999999996,112.15,53,0.9976
2031,2023 Q3,2023-09-30,Importer,Medium,49499.04,49382.85,116.1,52,0.9977
2031,2023 Q4,2023-12-31,Importer,Medium,50897.21,50152.4,744.8100000000001,52,0.9854
2031,2024 Q1,2024-03-31,Importer,Medium,53286.99,52392.71,894.29,54,0.9832
2031,2024 Q2,2024-06-30,Importer,Medium,47374.52,46436.53,938.0,53,0.9802
2031,2024 Q3,2024-09-30,Importer,Medium,51049.45,49929.64,1119.77,53,0.9781
2031,2024 Q4,2024-12-31,Importer,Medium,59938.92,59835.24,103.61,56,0.9983
2031,2025 Q1,2025-03-31,Importer,Medium,50450.2,49594.45,855.74,48,0.983
2031,2025 Q2,2025-06-30,Importer,Medium,52010.15,49821.84,2188.3,53,0.9579
2031,2025 Q3,2025-09-30,Importer,Medium,52646.21,50654.2,1991.99,57,0.9622
2032,2023 Q1,2023-03-31,Importer,Small,53220.41,29098.24,24122.19,28,0.5467
2032,2023 Q2,2023-06-30,Importer,Small,52091.44,38373.97,13717.43,27,0.7367
2032,2023 Q3,2023-09-30,Importer,Small,52258.73,29054.83,23203.87,26,0.556
2032,2023 Q4,2023-12-31,Importer,Small,58434.1,31526.81,26907.35,27,0.5395
2032,2024 Q1,2024-03-31,Importer,Small,57968.659999999996,42008.43,15960.19,26,0.7247
2032,2024 Q2,2024-06-30,Importer,Small,55936.49,31310.829999999998,24625.66,28,0.5598
2032,2024 Q3,2024-09-30,Importer,Small,58890.72,40162.44,18728.32,26,0.682
2032,2024 Q4,2024-12-31,Importer,Small,73779.68000000001,57090.46,16689.24,28,0.7738
2032,2025 Q1,2025-03-31,Importer,Small,69026.44,55683.39,13343.1,25,0.8067
2032,2025 Q2,2025-06-30,Importer,Small,63939.45,45560.16,18379.28,27,0.7126
2032,2025 Q3,2025-09-30,Importer,Small,64466.29,27989.56,36476.72,28,0.4342
2033,2023 Q1,2023-03-31,Importer,Small,100043.61,95041.45,5002.16,98,0.95
2033,2023 Q2,2023-06-30,Importer,Small,107825.11,105643.22,2181.83,92,0.9798
2033,2023 Q3,2023-09-30,Importer,Small,111600.56,106060.98,5539.59,93,0.9504
2033,2023 Q4,2023-12-31,Importer,Small,116376.77,114087.71,2289.0,92,0.9803
2033,2024 Q1,2024-03-31,Importer,Small,113846.21,113846.21,0.0,91,1.0
2033,2024 Q2,2024-06-30,Importer,Small,119069.05,115343.7,3725.38,93,0.9687
2033,2024 Q3,2024-09-30,Importer,Small,122634.78,121306.82,1327.99,92,0.9892
2033,2024 Q4,2024-12-31,Importer,Small,138126.87,135181.05,2945.83,100,0.9787
2033,2025 Q1,2025-03-31,Importer,Small,117541.79,115203.22,2338.52,85,0.9801
2033,2025 Q2,2025-06-30,Importer,Small,131157.66,128321.85,2835.83,94,0.9784
2033,2025 Q3,2025-09-30,Importer,Small,136420.33,133854.43,2565.89,99,0.9812
2034,2023 Q1,2023-03-31,Importer,Small,5026.08,4978.3,47.769999999999996,14,0.9905
2034,2023 Q2,2023-06-30,Importer,Small,4605.62,4544.13,61.47,14,0.9866
2034,2023 Q3,2023-09-30,Importer,Small,3954.63,3827.53,127.14,13,0.9679
2034,2023 Q4,2023-12-31,Importer,Small,4196.05,4145.73,50.32,13,0.988
2034,2024 Q1,2024-03-31,Importer,Small,3958.62,3855.16,103.45,13,0.9739
2034,2024 Q2,2024-06-30,Importer,Small,3390.41,3330.12,60.29,13,0.9822
2034,2024 Q3,2024-09-30,Importer,Small,3103.88,2964.45,139.45,13,0.9551
2034,2024 Q4,2024-12-31,Importer,Small,3733.11,3722.28,10.82,15,0.9971
2034,2025 Q1,2025-03-31,Importer,Small,3275.72,3268.34,7.380000000000001,14,0.9977
2034,2025 Q2,2025-06-30,Importer,Small,2743.03,2620.39,122.65,13,0.9553
2034,2025 Q3,2025-09-30,Importer,Small,2911.5,2849.13,62.39,15,0.9786
2035,2023 Q1,2023-03-31,Importer,Small,70073.69,44096.01,25977.68,84,0.6293
2035,2023 Q2,2023-06-30,Importer,Small,62290.83,43025.66,19265.22,79,0.6907
2035,2023 Q3,2023-09-30,Importer,Small,60502.2,33904.25,26597.97,78,0.5604
2035,2023 Q4,2023-12-31,Importer,Small,70141.97,52027.56,18114.33,78,0.7417
2035,2024 Q1,2024-03-31,Importer,Small,71580.91,35643.36,35937.48,78,0.4979
2035,2024 Q2,2024-06-30,Importer,Small,69528.18,37127.39,32400.78,78,0.534
2035,2024 Q3,2024-09-30,Importer,Small,67668.95,43165.85,24503.08,78,0.6379
2035,2024 Q4,2024-12-31,Importer,Small,70766.75,41516.2,29250.62,84,0.5867
2035,2025 Q1,2025-03-31,Importer,Small,67461.42,39837.22,27624.27,73,0.5905
2035,2025 Q2,2025-06-30,Importer,Small,74671.23,34320.7,40350.51,78,0.4596
2035,2025 Q3,2025-09-30,Importer,Small,80120.33,51188.18,28932.2,87,0.6389
2036,2023 Q1,2023-03-31,Importer,Small,73493.31,70307.1,3186.19,43,0.9566
2036,2023 Q2,2023-06-30,Importer,Small,73056.41,70888.75,2167.67,39,0.9703
2036,2023 Q3,2023-09-30,Importer,Small,79802.26,78814.44,987.8,40,0.9876
2036,2023 Q4,2023-12-31,Importer,Small,76032.78,72774.59,3258.2,39,0.9571
2036,2024 Q1,2024-03-31,Importer,Small,75093.23,73636.92,1456.26,39,0.9806
2036,2024 Q2,2024-06-30,Importer,Small,72575.44,70959.46,1616.02,40,0.9777
2036,2024 Q3,2024-09-30,Importer,Small,69076.56999999999,66215.39,2861.14,40,0.9586
2036,2024 Q4,2024-12-31,Importer,Small,86794.29,86094.42,699.86,42,0.9919
2036,2025 Q1,2025-03-31,Importer,Small,73555.91,72157.13,1398.75,36,0.981
2036,2025 Q2,2025-06-30,Importer,Small,87882.45,87882.45,0.0,42,1.0
2036,2025 Q3,2025-09-30,Importer,Small,73309.73,71922.18000000001,1387.52,43,0.9811
2037,2023 Q1,2023-03-31,Importer,Large,126798.06999999999,10890.35,115907.73,84,0.0859
2037,2023 Q2,2023-06-30,Importer,Large,116751.76,5200.87,111550.8,78,0.0445
2037,2023 Q3,2023-09-30,Importer,Large,118974.56,0.0,118974.56,78,0.0
2037,2023 Q4,2023-12-31,Importer,Large,128815.65,11989.98,116825.69,78,0.0931
2037,2024 Q1,2024-03-31,Importer,Large,131037.74,13103.79,117933.98,78,0.1
2037,2024 Q2,2024-06-30,Importer,Large,126211.14,0.0,126211.14,79,0.0
2037,2024 Q3,2024-09-30,Importer,Large,121679.6,4368.07,117311.58,81,0.0359
2037,2024 Q4,2024-12-31,Importer,Large,150949.82,0.0,150949.82,84,0.0
2037,2025 Q1,2025-03-31,Importer,Large,124148.27,6017.26,118130.96,72,0.0485
2037,2025 Q2,2025-06-30,Importer,Large,124809.56,0.0,124809.56,78,0.0
2037,2025 Q3,2025-09-30,Importer,Large,132790.17,0.0,132790.17,84,0.0
2038,2023 Q1,2023-03-31,Importer,Large,153972.02,151690.25,2281.67,141,0.9852
2038,2023 Q2,2023-06-30,Importer,Large,159531.49,155263.63,4267.83,131,0.9732
2038,2023 Q3,2023-09-30,Importer,Large,163588.3,161121.9,2466.47,130,0.9849
2038,2023 Q4,2023-12-31,Importer,Large,158465.9,156218.08,2247.84,131,0.9858
2038,2024 Q1,2024-03-31,Importer,Large,152804.23,151752.4,1051.91,132,0.9931
2038,2024 Q2,2024-06-30,Importer,Large,164699.58,164699.58,0.0,131,1.0
2038,2024 Q3,2024-09-30,Importer,Large,159061.84,157902.79,1158.95,130,0.9927
2038,2024 Q4,2024-12-31,Importer,Large,181656.2,181623.53,32.65,140,0.9998
2038,2025 Q1,2025-03-31,Importer,Large,160205.4,154508.19,5697.27,122,0.9644
2038,2025 Q2,2025-06-30,Importer,Large,175206.79,172418.41,2788.31,132,0.9841
2038,2025 Q3,2025-09-30,Importer,Large,173516.16,172003.19,1512.96,140,0.9913
2039,2023 Q1,2023-03-31,Importer,Large,77514.92,74893.78,2621.17,84,0.9662
2039,2023 Q2,2023-06-30,Importer,Large,83338.68,82774.09,564.63,79,0.9932
2039,2023 Q3,2023-09-30,Importer,Large,79849.1,77957.9,1891.16,78,0.9763
2039,2023 Q4,2023-12-31,Importer,Large,88657.87,85384.05,3273.81,79,0.9631
2039,2024 Q1,2024-03-31,Importer,Large,92704.57,91207.86,1496.69,78,0.9839
2039,2024 Q2,2024-06-30,Importer,Large,95212.85,90452.18,4760.62,80,0.95
2039,2024 Q3,2024-09-30,Importer,Large,96008.74,93018.39,2990.41,78,0.9689
2039,2024 Q4,2024-12-31,Importer,Large,106867.94,105789.33,1078.5,84,0.9899
2039,2025 Q1,2025-03-31,Importer,Large,95396.5,93397.37,1999.15,74,0.979
2039,2025 Q2,2025-06-30,Importer,Large,103590.78,100831.06999999999,2759.76,80,0.9734
2039,2025 Q3,2025-09-30,Importer,Large,108826.88,105699.66,3127.2,85,0.9713
2040,2023 Q1,2023-03-31,Importer,Large,159966.76,101272.45,58694.28,113,0.6331
2040,2023 Q2,2023-06-30,Importer,Large,144363.24,90873.68,53489.55,104,0.6295
2040,2023 Q3,2023-09-30,Importer,Large,147121.31,99569.23,47552.19,104,0.6768
2040,2023 Q4,2023-12-31,Importer,Large,173161.93,130738.19,42423.71,105,0.755
2040,2024 Q1,2024-03-31,Importer,Large,175408.54,120131.20999999999,55277.35,105,0.6849
2040,2024 Q2,2024-06-30,Importer,Large,172126.46,108169.07,63957.37,105,0.6284
2040,2024 Q3,2024-09-30,Importer,Large,171216.35,96423.36,74792.95,105,0.5632
2040,2024 Q4,2024-12-31,Importer,Large,199462.83,129132.31,70330.54,114,0.6474
2040,2025 Q1,2025-03-31,Importer,Large,177015.33,115560.72,61454.67,96,0.6528
2040,2025 Q2,2025-06-30,Importer,Large,180943.27,116754.39,64188.89,104,0.6453
2040,2025 Q3,2025-09-30,Importer,Large,186444.85,113655.70999999999,72789.12,112,0.6096
2041,2023 Q1,2023-03-31,Importer,Large,143240.17,138974.77,4265.44,85,0.9702
2041,2023 Q2,2023-06-30,Importer,Large,143591.47,137907.02,5684.39,78,0.9604
2041,2023 Q3,2023-09-30,Importer,Large,141064.06,141064.06,0.0,80,1.0
2041,2023 Q4,2023-12-31,Importer,Large,152917.08,150540.34,2376.77,78,0.9845
2041,2024 Q1,2024-03-31,Importer,Large,151864.55,144360.97,7503.65,78,0.9506
2041,2024 Q2,2024-06-30,Importer,Large,161905.77,161905.77,0.0,78,1.0
2041,2024 Q3,2024-09-30,Importer,Large,156873.15,152203.35,4669.7300000000005,78,0.9702
2041,2024 Q4,2024-12-31,Importer,Large,186132.74,186132.74,0.0,85,1.0
2041,2025 Q1,2025-03-31,Importer,Large,163291.21,160587.88,2703.35,73,0.9834
2041,2025 Q2,2025-06-30,Importer,Large,174696.1,174696.1,0.0,79,1.0
2041,2025 Q3,2025-09-30,Importer,Large,179799.44,177062.45,2736.93,85,0.9848
2042,2023 Q1,2023-03-31,Importer,Large,18808.77,10531.3,8277.51,70,0.5599
2042,2023 Q2,2023-06-30,Importer,Large,18721.18,12395.67,6325.4800000000005,67,0.6621
2042,2023 Q3,2023-09-30,Importer,Large,20694.6,8826.45,11868.14,66,0.4265
2042,2023 Q4,2023-12-31,Importer,Large,22858.44,15093.46,7764.96,65,0.6603
2042,2024 Q1,2024-03-31,Importer,Large,22871.82,12738.16,10133.69,65,0.5569
2042,2024 Q2,2024-06-30,Importer,Large,20665.65,14175.82,6489.78,65,0.686
2042,2024 Q3,2024-09-30,Importer,Large,20183.22,12276.61,7906.64,65,0.6083
2042,2024 Q4,2024-12-31,Importer,Large,29298.100000000002,18019.21,11278.87,72,0.615
2042,2025 Q1,2025-03-31,Importer,Large,22004.09,15164.85,6839.23,60,0.6892
2042,2025 Q2,2025-06-30,Importer,Large,26074.9,14271.85,11803.05,66,0.5473
2042,2025 Q3,2025-09-30,Importer,Large,23201.39,14138.03,9063.4,71,0.6094
2043,2023 Q1,2023-03-31,Importer,Small,37593.06,22592.56,15000.49,42,0.601
2043,2023 Q2,2023-06-30,Importer,Small,43638.38,23787.96,19850.489999999998,41,0.5451
2043,2023 Q3,2023-09-30,Importer,Small,40363.82,28265.920000000002,12097.869999999999,39,0.7003
2043,2023 Q4,2023-12-31,Importer,Small,43161.39,25364.28,17797.04,40,0.5877
2043,2024 Q1,2024-03-31,Importer,Small,40755.88,31146.12,9609.73,40,0.7642
2043,2024 Q2,2024-06-30,Importer,Small,45890.04,32062.86,13827.12,39,0.6987
2043,2024 Q3,2024-09-30,Importer,Small,47197.37,30836.04,16361.359999999999,39,0.6533
2043,2024 Q4,2024-12-31,Importer,Small,48468.32,31928.260000000002,16540.12,42,0.6587
2043,2025 Q1,2025-03-31,Importer,Small,44192.76,21570.489999999998,22622.22,38,0.4881
2043,2025 Q2,2025-06-30,Importer,Small,49699.2,29741.26,19957.92,39,0.5984
2043,2025 Q3,2025-09-30,Importer,Small,54072.55,43587.27,10485.26,43,0.8061
2044,2023 Q1,2023-03-31,Importer,Small,38338.090000000004,37021.85,1316.22,28,0.9657
2044,2023 Q2,2023-06-30,Importer,Small,27698.25,26876.72,821.53,26,0.9703
2044,2023 Q3,2023-09-30,Importer,Small,33454.69,32235.12,1219.56,26,0.9635
2044,2023 Q4,2023-12-31,Importer,Small,35853.46,34409.36,1444.06,26,0.9597
2044,2024 Q1,2024-03-31,Importer,Small,35417.11,34854.69,562.4,27,0.9841
2044,2024 Q2,2024-06-30,Importer,Small,28271.73,27557.28,714.48,27,0.9747
2044,2024 Q3,2024-09-30,Importer,Small,27507.06,26975.85,531.2,26,0.9807
2044,2024 Q4,2024-12-31,Importer,Small,32259.15,30646.18,1612.93,28,0.95
2044,2025 Q1,2025-03-31,Importer,Small,31443.0,29870.84,1572.15,24,0.95
2044,2025 Q2,2025-06-30,Importer,Small,27648.6,27391.96,256.59,26,0.9907
2044,2025 Q3,2025-09-30,Importer,Small,26467.58,25435.79,1031.83,29,0.961
2045,2023 Q1,2023-03-31,Importer,Medium,50227.44,0.0,50227.44,57,0.0
2045,2023 Q2,2023-06-30,Importer,Medium,54087.2,0.0,54087.2,52,0.0
2045,2023 Q3,2023-09-30,Importer,Medium,48107.53,4810.77,43296.77,52,0.1
2045,2023 Q4,2023-12-31,Importer,Medium,56489.840000000004,0.0,56489.840000000004,52,0.0
2045,2024 Q1,2024-03-31,Importer,Medium,57378.770000000004,0.0,57378.770000000004,53,0.0
2045,2024 Q2,2024-06-30,Importer,Medium,56810.26,0.0,56810.26,54,0.0
2045,2024 Q3,2024-09-30,Importer,Medium,59072.98,3664.34,55408.67,54,0.062
2045,2024 Q4,2024-12-31,Importer,Medium,62086.76,0.0,62086.76,59,0.0
2045,2025 Q1,2025-03-31,Importer,Medium,47193.61,3453.33,43740.24,49,0.0732
2045,2025 Q2,2025-06-30,Importer,Medium,60099.54,0.0,60099.54,53,0.0
2045,2025 Q3,2025-09-30,Importer,Medium,58669.69,5866.98,52802.72,59,0.1
2046,2023 Q1,2023-03-31,Importer,Small,148050.47,144479.63,3570.88,70,0.9759
2046,2023 Q2,2023-06-30,Importer,Small,146332.96,142290.8,4042.1,65,0.9724
2046,2023 Q3,2023-09-30,Importer,Small,150589.23,149454.36,1134.88,65,0.9925
2046,2023 Q4,2023-12-31,Importer,Small,146508.16,143966.62,2541.51,65,0.9827
2046,2024 Q1,2024-03-31,Importer,Small,154581.79,151204.81,3377.01,65,0.9782
2046,2024 Q2,2024-06-30,Importer,Small,157283.56,154436.58,2847.0,65,0.9819
2046,2024 Q3,2024-09-30,Importer,Small,163901.97,163901.97,0.0,65,1.0
2046,2024 Q4,2024-12-31,Importer,Small,186715.23,184905.59,1809.66,71,0.9903
2046,2025 Q1,2025-03-31,Importer,Small,151071.07,148137.79,2933.27,60,0.9806
2046,2025 Q2,2025-06-30,Importer,Small,178111.97,176213.82,1898.07,66,0.9893
2046,2025 Q3,2025-09-30,Importer,Small,162983.47,155855.03,7128.4,70,0.9563
2048,2023 Q1,2023-03-31,Importer,Small,181486.98,178687.87,2799.11,112,0.9846
2048,2023 Q2,2023-06-30,Importer,Small,186421.54,179961.99,6459.54,106,0.9653
2048,2023 Q3,2023-09-30,Importer,Small,192340.95,183418.85,8922.16,105,0.9536
2048,2023 Q4,2023-12-31,Importer,Small,198346.72,191806.12,6540.62,104,0.967
2048,2024 Q1,2024-03-31,Importer,Small,197304.1,190897.23,6406.84,105,0.9675
2048,2024 Q2,2024-06-30,Importer,Small,189503.0,184256.05,5246.99,104,0.9723
2048,2024 Q3,2024-09-30,Importer,Small,205029.74,203197.02,1832.7,106,0.9911
2048,2024 Q4,2024-12-31,Importer,Small,231185.12,229190.79,1994.32,113,0.9914
2048,2025 Q1,2025-03-31,Importer,Small,193725.12,190548.22,3176.86,96,0.9836
2048,2025 Q2,2025-06-30,Importer,Small,209429.0,203797.74,5631.22,104,0.9731
2048,2025 Q3,2025-09-30,Importer,Small,228421.98,222079.16,6342.78,113,0.9722
2049,2023 Q1,2023-03-31,Importer,Large,160353.38,159092.97,1260.41,142,0.9921
2049,2023 Q2,2023-06-30,Importer,Large,156261.27,150393.22,5868.01,130,0.9624
2049,2023 Q3,2023-09-30,Importer,Large,165008.56,158194.99,6813.59,131,0.9587
2049,2023 Q4,2023-12-31,Importer,Large,167494.2,165663.24,1830.98,133,0.9891
2049,2024 Q1,2024-03-31,Importer,Large,162852.22,158743.93,4108.36,132,0.9748
2049,2024 Q2,2024-06-30,Importer,Large,174121.59,172604.59,1516.91,130,0.9913
2049,2024 Q3,2024-09-30,Importer,Large,172548.53,166298.77,6249.85,131,0.9638
2049,2024 Q4,2024-12-31,Importer,Large,193898.95,186862.15,7036.77,140,0.9637
2049,2025 Q1,2025-03-31,Importer,Large,169627.18,167172.44,2454.76,120,0.9855
2049,2025 Q2,2025-06-30,Importer,Large,189209.18,185865.56,3343.61,130,0.9823
2049,2025 Q3,2025-09-30,Importer,Large,195694.79,191563.32,4131.47,140,0.9789
2050,2023 Q1,2023-03-31,Importer,Medium,187572.67,129375.93,58196.77,170,0.6897
2050,2023 Q2,2023-06-30,Importer,Medium,175564.77,102266.3,73298.54,156,0.5825
2050,2023 Q3,2023-09-30,Importer,Medium,178213.87,131312.18,46901.81,158,0.7368
2050,2023 Q4,2023-12-31,Importer,Medium,193245.46,146227.22,47018.34,157,0.7567
2050,2024 Q1,2024-03-31,Importer,Medium,198591.77,150976.28,47615.45,158,0.7602
2050,2024 Q2,2024-06-30,Importer,Medium,192643.69,135542.93,57100.72,157,0.7036
2050,2024 Q3,2024-09-30,Importer,Medium,196204.21,140788.03,55416.229999999996,156,0.7176
2050,2024 Q4,2024-12-31,Importer,Medium,234735.86000000002,149791.43,84944.39,171,0.6381
2050,2025 Q1,2025-03-31,Importer,Medium,190720.04,129875.76,60844.21,145,0.681
2050,2025 Q2,2025-06-30,Importer,Medium,206399.29,133576.71,72822.52,158,0.6472
2050,2025 Q3,2025-09-30,Importer,Medium,212056.97,118606.35,93450.64,168,0.5593
2051,2023 Q1,2023-03-31,Importer,Medium,82170.37,81025.53,1144.89,126,0.9861
2051,2023 Q2,2023-06-30,Importer,Medium,78072.79,76146.4,1926.36,117,0.9753
2051,2023 Q3,2023-09-30,Importer,Medium,77817.52,75954.66,1862.92,118,0.9761
2051,2023 Q4,2023-12-31,Importer,Medium,77465.01,75447.99,2017.01,118,0.974
2051,2024 Q1,2024-03-31,Importer,Medium,84397.37,83818.14,579.27,117,0.9931
2051,2024 Q2,2024-06-30,Importer,Medium,83430.13,82898.45,531.61,117,0.9936
2051,2024 Q3,2024-09-30,Importer,Medium,83641.06,80507.54000000001,3133.65,117,0.9625
2051,2024 Q4,2024-12-31,Importer,Medium,104712.27,103746.49,965.7,127,0.9908
2051,2025 Q1,2025-03-31,Importer,Medium,82423.13,79643.20999999999,2779.9500000000003,108,0.9663
2051,2025 Q2,2025-06-30,Importer,Medium,85193.75,85000.42,193.26,118,0.9977
2051,2025 Q3,2025-09-30,Importer,Medium,97167.34,95792.07,1375.22,128,0.9858
2052,2023 Q1,2023-03-31,Importer,Small,58821.32,57629.08,1192.28,56,0.9797
2052,2023 Q2,2023-06-30,Importer,Small,65056.69,63239.66,1817.02,52,0.9721
2052,2023 Q3,2023-09-30,Importer,Small,62209.45,61559.0,650.4399999999999,53,0.9895
2052,2023 Q4,2023-12-31,Importer,Small,62350.48,61753.81,596.69,54,0.9904
2052,2024 Q1,2024-03-31,Importer,Small,64542.6,63161.0,1381.59,53,0.9786
2052,2024 Q2,2024-06-30,Importer,Small,68225.66,68225.66,0.0,53,1.0
2052,2024 Q3,2024-09-30,Importer,Small,75496.55,72314.11,3182.49,53,0.9578
2052,2024 Q4,2024-12-31,Importer,Small,74738.91,72339.66,2399.25,57,0.9679
2052,2025 Q1,2025-03-31,Importer,Small,68879.59,67622.44,1257.21,48,0.9817
2052,2025 Q2,2025-06-30,Importer,Small,74135.27,72720.21,1415.09,53,0.9809
2052,2025 Q3,2025-09-30,Importer,Small,70823.7,68413.72,2409.95,56,0.966
2053,2023 Q1,2023-03-31,Importer,Large,55761.79,5576.16,50185.55,42,0.1
2053,2023 Q2,2023-06-30,Importer,Large,50743.1,533.0,50210.11,39,0.0105
2053,2023 Q3,2023-09-30,Importer,Large,51196.82,4061.11,47135.71,40,0.0793
2053,2023 Q4,2023-12-31,Importer,Large,58556.28,5855.64,52700.63,39,0.1
2053,2024 Q1,2024-03-31,Importer,Large,60240.98,6024.09,54216.86,39,0.1
2053,2024 Q2,2024-06-30,Importer,Large,60072.15,0.0,60072.15,40,0.0
2053,2024 Q3,2024-09-30,Importer,Large,57503.71,0.0,57503.71,39,0.0
2053,2024 Q4,2024-12-31,Importer,Large,76427.15,1568.04,74859.12,44,0.0205
2053,2025 Q1,2025-03-31,Importer,Large,67541.34999999999,6754.14,60787.25,37,0.1
2053,2025 Q2,2025-06-30,Importer,Large,64666.97,696.11,63970.79,39,0.0108
2053,2025 Q3,2025-09-30,Importer,Large,65340.54,481.43,64859.1,42,0.0074
2054,2023 Q1,2023-03-31,Importer,Medium,138792.46,135300.22,3492.17,84,0.9748
2054,2023 Q2,2023-06-30,Importer,Medium,143509.15,138822.26,4686.96,79,0.9673
2054,2023 Q3,2023-09-30,Importer,Medium,135563.27,131730.02,3833.35,78,0.9717
2054,2023 Q4,2023-12-31,Importer,Medium,141686.96,138525.41,3161.49,78,0.9777
2054,2024 Q1,2024-03-31,Importer,Medium,136305.88,136017.4,288.45,78,0.9979
2054,2024 Q2,2024-06-30,Importer,Medium,137392.2,137392.2,0.0,79,1.0
2054,2024 Q3,2024-09-30,Importer,Medium,143532.83,137735.35,5797.53,79,0.9596
2054,2024 Q4,2024-12-31,Importer,Medium,174612.39,174612.39,0.0,86,1.0
2054,2025 Q1,2025-03-31,Importer,Medium,135963.49,131685.51,4277.99,72,0.9685
2054,2025 Q2,2025-06-30,Importer,Medium,143107.43,135952.03,7155.4,79,0.95
2054,2025 Q3,2025-09-30,Importer,Medium,147622.99,145296.75,2326.22,84,0.9842
2055,2023 Q1,2023-03-31,Importer,Small,16490.5,16150.04,340.46,28,0.9794
2055,2023 Q2,2023-06-30,Importer,Small,20848.02,20848.02,0.0,26,1.0
2055,2023 Q3,2023-09-30,Importer,Small,22215.72,22215.72,0.0,26,1.0
2055,2023 Q4,2023-12-31,Importer,Small,20268.26,19836.33,431.92,27,0.9787
2055,2024 Q1,2024-03-31,Importer,Small,20305.45,19858.05,447.42,27,0.978
2055,2024 Q2,2024-06-30,Importer,Small,21109.68,21109.68,0.0,27,1.0
2055,2024 Q3,2024-09-30,Importer,Small,21778.420000000002,21556.84,221.60999999999999,27,0.9898
2055,2024 Q4,2024-12-31,Importer,Small,19895.71,19778.79,116.98,28,0.9941
2055,2025 Q1,2025-03-31,Importer,Small,19419.61,18448.61,970.98,25,0.95
2055,2025 Q2,2025-06-30,Importer,Small,22220.170000000002,21986.65,233.51,27,0.9895
2055,2025 Q3,2025-09-30,Importer,Small,24088.7,24088.7,0.0,28,1.0
2056,2023 Q1,2023-03-31,Importer,Small,190978.2,181429.26,9548.93,154,0.95
2056,2023 Q2,2023-06-30,Importer,Small,179584.74,176170.13999999998,3414.7,143,0.981
2056,2023 Q3,2023-09-30,Importer,Small,181563.28,177279.99,4283.24,144,0.9764
2056,2023 Q4,2023-12-31,Importer,Small,195695.84,192731.55,2964.22,144,0.9849
2056,2024 Q1,2024-03-31,Importer,Small,201382.77,198370.57,3012.12,143,0.985
2056,2024 Q2,2024-06-30,Importer,Small,187914.0,182439.2,5474.87,143,0.9709
2056,2024 Q3,2024-09-30,Importer,Small,195131.07,190744.04,4386.99,145,0.9775
2056,2024 Q4,2024-12-31,Importer,Small,228080.02,218768.45,9311.64,155,0.9592
2056,2025 Q1,2025-03-31,Importer,Small,193931.63,192696.45,1235.1,133,0.9936
2056,2025 Q2,2025-06-30,Importer,Small,198445.26,193171.3,5274.01,143,0.9734
2056,2025 Q3,2025-09-30,Importer,Small,196988.76,195662.11,1326.66,156,0.9933
2057,2023 Q1,2023-03-31,Importer,Small,80737.29,0.0,80737.29,114,0.0
2057,2023 Q2,2023-06-30,Importer,Small,77294.24,6605.45,70688.96,104,0.0855
2057,2023 Q3,2023-09-30,Importer,Small,75032.43,0.0,75032.43,106,0.0
2057,2023 Q4,2023-12-31,Importer,Small,83023.06,0.0,83023.06,105,0.0
2057,2024 Q1,2024-03-31,Importer,Small,87390.77,0.0,87390.77,104,0.0
2057,2024 Q2,2024-06-30,Importer,Small,81871.38,0.0,81871.38,106,0.0
2057,2024 Q3,2024-09-30,Importer,Small,81740.12,6555.97,75184.21,106,0.0802
2057,2024 Q4,2024-12-31,Importer,Small,89481.17,0.0,89481.17,113,0.0
2057,2025 Q1,2025-03-31,Importer,Small,83465.45,8346.5,75118.9,98,0.1
2057,2025 Q2,2025-06-30,Importer,Small,87109.21,0.0,87109.21,104,0.0
2057,2025 Q3,2025-09-30,Importer,Small,90153.03,990.63,89162.32,113,0.011
2058,2023 Q1,2023-03-31,Importer,Medium,123313.87,120246.31,3067.63,98,0.9751
2058,2023 Q2,2023-06-30,Importer,Medium,116780.20999999999,116368.0,412.21,94,0.9965
2058,2023 Q3,2023-09-30,Importer,Medium,106404.37,104088.98,2315.43,92,0.9782
2058,2023 Q4,2023-12-31,Importer,Medium,127558.76,124393.04,3165.76,92,0.9752
2058,2024 Q1,2024-03-31,Importer,Medium,136181.88,131385.51,4796.39,91,0.9648
2058,2024 Q2,2024-06-30,Importer,Medium,121015.87,119689.78,1326.06,91,0.989
2058,2024 Q3,2024-09-30,Importer,Medium,116063.93000000001,114485.96,1577.91,92,0.9864
2058,2024 Q4,2024-12-31,Importer,Medium,141123.44,135547.18,5576.28,98,0.9605
2058,2025 Q1,2025-03-31,Importer,Medium,124121.86,119154.99,4966.9,84,0.96
2058,2025 Q2,2025-06-30,Importer,Medium,122894.39,122894.39,0.0,92,1.0
2058,2025 Q3,2025-09-30,Importer,Medium,127301.83,125720.94,1580.8700000000001,98,0.9876
2059,2023 Q1,2023-03-31,Importer,Small,67117.34,66046.17,1071.24,72,0.984
2059,2023 Q2,2023-06-30,Importer,Small,69538.85,67478.76,2060.11,66,0.9704
2059,2023 Q3,2023-09-30,Importer,Small,74611.52,73967.39,644.18,66,0.9914
2059,2023 Q4,2023-12-31,Importer,Small,69021.97,68688.97,332.95,65,0.9952
2059,2024 Q1,2024-03-31,Importer,Small,68247.49,66497.17,1750.28,66,0.9744
2059,2024 Q2,2024-06-30,Importer,Small,74807.78,73355.11,1452.63,66,0.9806
2059,2024 Q3,2024-09-30,Importer,Small,78716.1,77445.25,1270.81,67,0.9839
2059,2024 Q4,2024-12-31,Importer,Small,80655.48,77706.55,2948.96,73,0.9634
2059,2025 Q1,2025-03-31,Importer,Small,66200.13,64539.65,1660.52,61,0.9749
2059,2025 Q2,2025-06-30,Importer,Small,80536.04,77743.85,2792.19,65,0.9653
2059,2025 Q3,2025-09-30,Importer,Small,85649.31,84885.57,763.77,72,0.9911
2060,2023 Q1,2023-03-31,Importer,Medium,47109.0,45665.76,1443.23,42,0.9694
2060,2023 Q2,2023-06-30,Importer,Medium,47143.39,46052.23,1091.31,40,0.9769
2060,2023 Q3,2023-09-30,Importer,Medium,47614.61,47614.61,0.0,39,1.0
2060,2023 Q4,2023-12-31,Importer,Medium,49595.0,47696.24,1898.78,40,0.9617
2060,2024 Q1,2024-03-31,Importer,Medium,54209.4,52818.58,1390.88,39,0.9743
2060,2024 Q2,2024-06-30,Importer,Medium,55588.5,54350.24,1238.26,39,0.9777
2060,2024 Q3,2024-09-30,Importer,Medium,54702.93,52246.32,2456.6,39,0.9551
2060,2024 Q4,2024-12-31,Importer,Medium,57219.5,56755.49,463.99,43,0.9919
2060,2025 Q1,2025-03-31,Importer,Medium,49605.54,48754.03,851.52,36,0.9828
2060,2025 Q2,2025-06-30,Importer,Medium,61248.32,59121.17,2127.26,39,0.9653
2060,2025 Q3,2025-09-30,Importer,Medium,63350.93,62222.69,1128.25,42,0.9822
2061,2023 Q1,2023-03-31,Importer,Small,180670.09,5773.89,174896.2,168,0.032
2061,2023 Q2,2023-06-30,Importer,Small,178501.62,0.0,178501.62,159,0.0
2061,2023 Q3,2023-09-30,Importer,Small,186923.37,10921.84,176001.44,157,0.0584
2061,2023 Q4,2023-12-31,Importer,Small,196567.62,0.0,196567.62,157,0.0
2061,2024 Q1,2024-03-31,Importer,Small,181627.19,13651.04,167976.13,157,0.0752
2061,2024 Q2,2024-06-30,Importer,Small,188831.37,0.0,188831.37,159,0.0
2061,2024 Q3,2024-09-30,Importer,Small,187594.35,0.0,187594.35,156,0.0
2061,2024 Q4,2024-12-31,Importer,Small,217037.76,0.0,217037.76,169,0.0
2061,2025 Q1,2025-03-31,Importer,Small,183828.12,0.0,183828.12,144,0.0
2061,2025 Q2,2025-06-30,Importer,Small,188608.53,0.0,188608.53,157,0.0
2061,2025 Q3,2025-09-30,Importer,Small,199333.78,6447.36,192886.48,170,0.0323
2062,2023 Q1,2023-03-31,Importer,Small,231067.54,230406.18,661.36,98,0.9971
2062,2023 Q2,2023-06-30,Importer,Small,229727.56,224030.1,5697.43,93,0.9752
2062,2023 Q3,2023-09-30,Importer,Small,231923.65,231923.65,0.0,92,1.0
2062,2023 Q4,2023-12-31,Importer,Small,250302.74,244886.54,5416.25,93,0.9784
2062,2024 Q1,2024-03-31,Importer,Small,248730.02,242244.16,6485.91,92,0.9739
2062,2024 Q2,2024-06-30,Importer,Small,237926.58,233429.37,4497.27,92,0.9811
2062,2024 Q3,2024-09-30,Importer,Small,227798.73,221455.21,6343.54,92,0.9722
2062,2024 Q4,2024-12-31,Importer,Small,280217.23,269149.67,11067.58,100,0.9605
2062,2025 Q1,2025-03-31,Importer,Small,241842.01,238649.38,3192.66,84,0.9868
2062,2025 Q2,2025-06-30,Importer,Small,247306.15,243183.41,4122.75,92,0.9833
2062,2025 Q3,2025-09-30,Importer,Small,256969.91999999998,248042.7,8927.23,98,0.9653
2063,2023 Q1,2023-03-31,Importer,Small,46362.82,4636.3,41726.52,42,0.1
2063,2023 Q2,2023-06-30,Importer,Small,44476.96,0.0,44476.96,39,0.0
2063,2023 Q3,2023-09-30,Importer,Small,45530.44,54.18,45476.28,41,0.0012
2063,2023 Q4,2023-12-31,Importer,Small,44875.5,0.0,44875.5,39,0.0
2063,2024 Q1,2024-03-31,Importer,Small,46612.61,0.0,46612.61,39,0.0
2063,2024 Q2,2024-06-30,Importer,Small,47432.95,1186.17,46246.75,40,0.025
2063,2024 Q3,2024-09-30,Importer,Small,45706.42,758.91,44947.52,40,0.0166
2063,2024 Q4,2024-12-31,Importer,Small,52278.94,3797.08,48481.82,42,0.0726
2063,2025 Q1,2025-03-31,Importer,Small,44033.66,0.0,44033.66,36,0.0
2063,2025 Q2,2025-06-30,Importer,Small,48410.62,0.0,48410.62,40,0.0
2063,2025 Q3,2025-09-30,Importer,Small,47634.69,46.74,47587.98,42,0.001
2064,2023 Q1,2023-03-31,Importer,Medium,146731.11000000002,146543.26,187.87,112,0.9987
2064,2023 Q2,2023-06-30,Importer,Medium,160350.91,154321.15,6029.72,104,0.9624
2064,2023 Q3,2023-09-30,Importer,Medium,161229.52,161229.52,0.0,104,1.0
2064,2023 Q4,2023-12-31,Importer,Medium,144050.13,143500.31,549.86,104,0.9962
2064,2024 Q1,2024-03-31,Importer,Medium,147522.37,147522.37,0.0,104,1.0
2064,2024 Q2,2024-06-30,Importer,Medium,158550.25,158550.25,0.0,104,1.0
2064,2024 Q3,2024-09-30,Importer,Medium,165257.45,158760.42,6497.05,105,0.9607
2064,2024 Q4,2024-12-31,Importer,Medium,168482.29,168236.63,245.7,112,0.9985
2064,2025 Q1,2025-03-31,Importer,Medium,145167.14,140105.11,5062.04,96,0.9651
2064,2025 Q2,2025-06-30,Importer,Medium,166027.69,160448.74,5578.96,104,0.9664
2064,2025 Q3,2025-09-30,Importer,Medium,174764.05000000002,174764.05000000002,0.0,113,1.0
2065,2023 Q1,2023-03-31,Importer,Small,19208.29,18689.18,519.13,29,0.973
2065,2023 Q2,2023-06-30,Importer,Small,16256.94,15444.08,812.87,27,0.95
2065,2023 Q3,2023-09-30,Importer,Small,14604.41,14237.66,366.77,26,0.9749
2065,2023 Q4,2023-12-31,Importer,Small,22982.49,22349.07,633.43,27,0.9724
2065,2024 Q1,2024-03-31,Importer,Small,21600.239999999998,21442.370000000003,157.88,26,0.9927
2065,2024 Q2,2024-06-30,Importer,Small,20289.16,19902.34,386.8,28,0.9809
2065,2024 Q3,2024-09-30,Importer,Small,19789.31,19076.2,713.08,28,0.964
2065,2024 Q4,2024-12-31,Importer,Small,19955.16,19585.239999999998,369.94,29,0.9815
2065,2025 Q1,2025-03-31,Importer,Small,16932.94,16571.739999999998,361.22,24,0.9787
2065,2025 Q2,2025-06-30,Importer,Small,20645.5,20552.11,93.39,26,0.9955
2065,2025 Q3,2025-09-30,Importer,Small,20942.19,20185.5,756.6899999999999,29,0.9639
2066,2023 Q1,2023-03-31,Importer,Large,115527.91,111966.08,3561.91,84,0.9692
2066,2023 Q2,2023-06-30,Importer,Large,118005.01,116657.7,1347.31,78,0.9886
2066,2023 Q3,2023-09-30,Importer,Large,123531.81,121748.04,1783.71,79,0.9856
2066,2023 Q4,2023-12-31,Importer,Large,121169.5,116684.75,4484.83,79,0.963
2066,2024 Q1,2024-03-31,Importer,Large,120052.26,119227.52,824.7,79,0.9931
2066,2024 Q2,2024-06-30,Importer,Large,125325.34,122174.8,3150.62,79,0.9749
2066,2024 Q3,2024-09-30,Importer,Large,125821.22,124101.84,1719.4,79,0.9863
2066,2024 Q4,2024-12-31,Importer,Large,145435.05,141942.84,3492.21,84,0.976
2066,2025 Q1,2025-03-31,Importer,Large,125101.21,122527.41,2573.79,72,0.9794
2066,2025 Q2,2025-06-30,Importer,Large,138002.4,135309.25,2693.13,78,0.9805
2066,2025 Q3,2025-09-30,Importer,Large,137452.53,136136.41,1316.09,85,0.9904
2067,2023 Q1,2023-03-31,Importer,Small,58997.42,58458.32,539.06,56,0.9909
2067,2023 Q2,2023-06-30,Importer,Small,72414.33,68793.6,3620.7,54,0.95
2067,2023 Q3,2023-09-30,Importer,Small,60527.05,59758.28,768.77,53,0.9873
2067,2023 Q4,2023-12-31,Importer,Small,57975.63,57975.63,0.0,53,1.0
2067,2024 Q1,2024-03-31,Importer,Small,62326.9,59635.56,2691.33,54,0.9568
2067,2024 Q2,2024-06-30,Importer,Small,63395.75,62317.49,1078.24,52,0.983
2067,2024 Q3,2024-09-30,Importer,Small,67872.76,67249.31,623.41,53,0.9908
2067,2024 Q4,2024-12-31,Importer,Small,70418.71,69542.13,876.51,56,0.9876
2067,2025 Q1,2025-03-31,Importer,Small,54941.67,54245.19,696.46,48,0.9873
2067,2025 Q2,2025-06-30,Importer,Small,67977.14,66356.96,1620.16,52,0.9762
2067,2025 Q3,2025-09-30,Importer,Small,58932.03,58190.43,741.6,56,0.9874
2069,2023 Q1,2023-03-31,Importer,Medium,104988.66,66235.7,38753.07,84,0.6309
2069,2023 Q2,2023-06-30,Importer,Medium,108069.95999999999,38247.0,69823.02,79,0.3539
2069,2023 Q3,2023-09-30,Importer,Medium,112016.73,83034.07,28982.62,78,0.7413
2069,2023 Q4,2023-12-31,Importer,Medium,113353.07,65195.18,48157.89,78,0.5752
2069,2024 Q1,2024-03-31,Importer,Medium,115194.56,72942.29000000001,42252.270000000004,78,0.6332
2069,2024 Q2,2024-06-30,Importer,Medium,115072.11,82927.64,32144.489999999998,78,0.7207
2069,2024 Q3,2024-09-30,Importer,Medium,113745.08,71017.76,42727.38,78,0.6244
2069,2024 Q4,2024-12-31,Importer,Medium,130860.66,74545.7,56314.96,84,0.5697
2069,2025 Q1,2025-03-31,Importer,Medium,111238.64,94869.43000000001,16369.22,73,0.8528
2069,2025 Q2,2025-06-30,Importer,Medium,126467.39,98628.98,27838.42,78,0.7799
2069,2025 Q3,2025-09-30,Importer,Medium,121661.01,110176.95,11484.04,85,0.9056
2070,2023 Q1,2023-03-31,Importer,Small,55255.12,0.0,55255.12,57,0.0
2070,2023 Q2,2023-06-30,Importer,Small,53925.22,5392.51,48532.71,53,0.1
2070,2023 Q3,2023-09-30,Importer,Small,60003.22,0.0,60003.22,53,0.0
2070,2023 Q4,2023-12-31,Importer,Small,59754.06,0.0,59754.06,52,0.0
2070,2024 Q1,2024-03-31,Importer,Small,60059.24,0.0,60059.24,53,0.0
2070,2024 Q2,2024-06-30,Importer,Small,57635.8,0.0,57635.8,52,0.0
2070,2024 Q3,2024-09-30,Importer,Small,59238.18,0.0,59238.18,52,0.0
2070,2024 Q4,2024-12-31,Importer,Small,67072.84,0.0,67072.84,56,0.0
2070,2025 Q1,2025-03-31,Importer,Small,59853.33,0.0,59853.33,48,0.0
2070,2025 Q2,2025-06-30,Importer,Small,62083.85,5092.94,56990.92,54,0.082
2070,2025 Q3,2025-09-30,Importer,Small,61980.31,5063.99,56916.29,56,0.0817
2071,2023 Q1,2023-03-31,Importer,Small,59664.31,36683.71,22980.58,98,0.6148
2071,2023 Q2,2023-06-30,Importer,Small,58904.12,29925.06,28979.07,92,0.508
2071,2023 Q3,2023-09-30,Importer,Small,61355.18,31499.43,29855.62,92,0.5134
2071,2023 Q4,2023-12-31,Importer,Small,63677.0,47997.07,15679.92,94,0.7538
2071,2024 Q1,2024-03-31,Importer,Small,66276.34,45947.56,20328.83,92,0.6933
2071,2024 Q2,2024-06-30,Importer,Small,60985.74,48509.52,12476.210000000001,91,0.7954
2071,2024 Q3,2024-09-30,Importer,Small,61276.4,42572.04,18704.32,92,0.6948
2071,2024 Q4,2024-12-31,Importer,Small,69119.43,39955.729999999996,29163.71,98,0.5781
2071,2025 Q1,2025-03-31,Importer,Small,61805.36,40615.06,21190.29,86,0.6571
2071,2025 Q2,2025-06-30,Importer,Small,64617.58,44778.24,19839.32,91,0.693
2071,2025 Q3,2025-09-30,Importer,Small,63691.17,45936.89,17754.31,99,0.7212
2072,2023 Q1,2023-03-31,Importer,Medium,28581.69,28311.37,270.37,14,0.9905
2072,2023 Q2,2023-06-30,Importer,Medium,25591.01,24654.64,936.38,13,0.9634
2072,2023 Q3,2023-09-30,Importer,Medium,27348.49,26674.74,673.73,13,0.9754
2072,2023 Q4,2023-12-31,Importer,Medium,32207.27,30953.05,1254.23,13,0.9611
2072,2024 Q1,2024-03-31,Importer,Medium,31147.32,29882.71,1264.59,13,0.9594
2072,2024 Q2,2024-06-30,Importer,Medium,27698.98,27645.52,53.45,13,0.9981
2072,2024 Q3,2024-09-30,Importer,Medium,28940.69,28728.62,212.07,13,0.9927
2072,2024 Q4,2024-12-31,Importer,Medium,37877.56,36906.229999999996,971.34,14,0.9744
2072,2025 Q1,2025-03-31,Importer,Medium,32319.17,31151.88,1167.3,12,0.9639
2072,2025 Q2,2025-06-30,Importer,Medium,30773.53,30396.42,377.12,13,0.9877
2072,2025 Q3,2025-09-30,Importer,Medium,30937.77,29468.61,1469.17,14,0.9525
